age,gender,country,occupation,income_level,years_gaming,preferred_genre,device_type,rank_tier,daily_playtime_hours,weekly_play_sessions,late_night_sessions_hours,weekend_playtime_hours,consecutive_hours_max,multiplayer_ratio,toxic_chat_reports,rage_quit_frequency,in_game_purchases,monthly_spending_usd,lootbox_openings,subscription_status,stress_score,loneliness_score,dopamine_dependency_index,self_control_score,impulsiveness_score,anxiety_level,depression_indicator,emotional_stability,sleep_hours,exercise_frequency_per_week,caffeine_intake_cups_day,social_interaction_hours,relationship_status,gpa_or_performance_score,missed_deadlines,productivity_drop_percent,absenteeism_days,internet_speed_mbps,screen_time_total_hours,behavioral_cluster,addiction_score,addiction_binary,addiction_severity,burnout_probability,mental_health_risk_score,churn_probability,prediction,confidence
21,Male,India,Employed,Middle,9,Sandbox,Laptop,Gold,3.5,4,1.0,4.9,6.5,0.67,0,0,0,38.67,10,,8.2,8.8,2.7,7.0,5.1,9.9,8.5,3.7,6.3,2,0,2.7,In a relationship,4.0,4,0.0,7,39.9,5.4,Casual Enjoyer,27.61,0,Mild,1.0,0.92,1.0,PC,0.7401863
25,Male,India,Employed,Lower-Middle,13,RPG,Mixed,Bronze,10.9,14,3.2,14.7,15.9,0.44,2,0,7,47.35,18,Premium,7.8,5.6,8.2,6.5,3.5,6.2,4.1,3.0,6.1,0,2,3.5,In a relationship,4.0,4,16.7,6,71.5,13.4,Streamer/Creator,55.51,1,Moderate,1.0,0.515,0.813,PC,0.40414247
26,Male,Brazil,Employed,Middle,14,RPG,High-end PC,Master,8.6,7,2.4,11.6,13.1,0.32,0,1,3,37.8,4,Ultimate,8.4,4.1,5.0,4.2,6.1,7.7,6.7,3.3,6.1,1,3,2.0,Prefer not to say,4.0,6,8.5,7,119.4,12.3,Streamer/Creator,45.85,0,Moderate,1.0,0.72,0.947,PC+Mobile,0.29646218
22,Male,South Korea,Employed,Upper-Middle,10,Strategy,Mobile,Bronze,5.9,5,1.1,13.6,8.2,0.23,7,7,9,74.51,15,,6.0,4.5,6.0,5.8,3.6,5.9,4.5,6.5,6.7,4,5,0.6,Married,4.0,3,8.7,8,136.5,6.9,Toxic Competitor,39.87,0,Mild,1.0,0.52,0.66,Mobile,0.26143387
17,Female,India,Student,Middle,5,Strategy,Laptop,Bronze,7.4,8,3.2,6.3,14.2,0.57,4,2,5,25.32,0,Premium,8.0,4.2,6.2,6.5,5.0,8.4,3.3,5.5,7.6,1,0,1.2,Single,2.6,3,21.9,6,78.8,9.3,Competitive Grinder,46.97,0,Moderate,1.0,0.585,0.867,PC,0.5112981
13,Male,USA,Freelancer,Middle,1,Horror,Mobile,Silver,1.4,1,0.0,1.7,3.5,0.35,0,0,9,18.71,0,,1.0,7.2,2.2,7.0,4.2,3.0,5.0,10.0,7.2,3,1,3.1,In a relationship,4.0,0,0.0,3,93.8,3.7,Casual Enjoyer,17.26,0,,0.32,0.4,0.15,PC,0.61092323
27,Male,UK,Unemployed,Lower-Middle,15,RPG,Console,Silver,8.0,10,2.9,10.6,12.3,0.49,17,7,7,0.0,9,Premium,7.6,5.5,4.6,8.4,4.3,5.8,5.2,3.9,8.0,1,3,0.5,In a relationship,4.0,2,30.2,12,5.0,10.0,Toxic Competitor,34.82,0,Mild,1.0,0.55,0.879,Console,0.6963889
18,Non-binary,Canada,Student,Middle,6,MOBA,Mixed,Bronze,2.2,3,0.2,3.2,5.1,0.51,1,0,3,14.17,2,Premium,4.6,6.9,1.4,4.7,3.9,4.7,5.1,8.5,7.3,0,0,3.6,Single,3.35,2,0.0,5,97.1,4.7,Casual Enjoyer,22.66,0,Mild,1.0,0.49,0.825,PC,0.6445071
16,Female,USA,Student,High,1,Sports,Mixed,Gold,8.3,12,1.7,11.5,11.9,0.67,6,6,13,95.67,22,Basic,8.1,3.2,6.1,10.0,2.6,4.8,3.2,3.8,7.5,0,3,4.7,In a relationship,2.72,3,35.2,5,81.9,11.0,Toxic Competitor,35.08,0,Mild,1.0,0.4,0.928,Mobile,0.7344718
30,Female,Brazil,Freelancer,Middle,18,Strategy,Mid-range PC,Gold,6.9,8,2.4,6.1,12.7,0.53,9,7,0,55.9,14,Premium,4.9,1.0,2.9,3.4,6.4,4.8,1.0,7.2,5.4,2,1,4.8,In a relationship,4.0,2,24.8,3,22.2,7.5,Competitive Grinder,46.24,0,Moderate,1.0,0.29,0.756,PC,0.48902628
18,Male,India,Employed,Middle,6,MMORPG,Console,Gold,7.5,9,3.0,8.6,12.6,0.0,7,2,5,14.89,1,Ultimate,8.2,3.9,5.0,6.6,1.0,7.5,3.4,5.7,7.3,0,4,2.9,Married,4.0,8,5.1,0,72.2,8.3,Binge Player,37.67,0,Mild,1.0,0.545,0.871,Mobile,0.42704138
21,Male,India,Freelancer,Lower-Middle,9,Strategy,High-end PC,Master,8.4,10,3.7,11.8,11.4,0.12,0,0,4,28.33,7,Premium,6.6,5.2,5.2,4.0,5.1,6.5,6.4,6.7,5.3,2,0,2.2,Single,4.0,1,0.0,3,157.5,11.8,Escape Seeker,56.22,1,Moderate,1.0,0.645,0.825,PC,0.68864626
19,Prefer not to say,Canada,Student,Middle,7,Sports,Mixed,Bronze,6.1,7,1.3,8.7,7.0,0.72,0,0,0,12.85,0,Premium,4.1,5.4,3.7,7.8,2.1,4.2,7.4,7.7,8.3,1,0,1.3,In a relationship,2.84,1,25.6,4,136.7,7.9,Social Gamer,33.4,0,Mild,1.0,0.58,0.745,PC,0.7334289
22,Male,India,Employed,Middle,10,Casual,High-end PC,Silver,4.9,8,1.3,8.7,5.4,0.44,0,2,4,20.79,4,,7.8,6.8,3.8,5.9,4.5,7.1,7.4,5.4,4.5,0,2,2.4,Single,4.0,3,13.8,3,89.8,8.2,Social Gamer,35.8,0,Mild,1.0,0.725,0.841,PC,0.61374843
27,Male,Brazil,Employed,Low,14,Casual,High-end PC,Gold,4.5,5,1.4,5.6,9.0,0.0,1,1,0,17.86,0,Basic,7.4,5.1,2.6,7.3,2.7,5.5,4.5,7.0,7.0,2,0,1.9,Single,4.0,1,9.4,1,149.9,6.2,Escape Seeker,27.81,0,Mild,1.0,0.5,0.879,PC,0.5229047
22,Female,South Korea,Freelancer,Lower-Middle,10,MMORPG,Mixed,Bronze,9.4,9,3.7,13.9,13.9,0.71,2,2,0,0.0,5,Basic,8.2,4.9,5.5,7.9,3.8,6.4,5.6,8.7,5.3,0,1,4.3,Single,4.0,7,27.7,3,116.1,11.9,Competitive Grinder,47.67,0,Moderate,1.0,0.6,0.767,PC,0.69418585
18,Female,France,Student,Middle,6,RPG,Laptop,Unranked,6.0,6,2.6,9.1,12.2,0.63,23,4,4,35.71,12,Premium,5.2,4.8,5.1,5.8,6.5,5.4,4.9,8.7,5.7,3,3,2.8,Single,2.59,4,15.9,7,213.7,9.8,Toxic Competitor,49.49,0,Moderate,1.0,0.515,0.76,Mobile,0.50962
20,Male,Germany,Employed,Low,7,MOBA,Mobile,Silver,11.2,10,3.7,20.0,13.9,0.84,0,0,2,32.09,12,,7.0,3.9,6.1,6.5,4.2,4.1,4.4,7.4,7.2,0,3,2.3,In a relationship,4.0,3,10.5,5,158.1,14.4,Streamer/Creator,48.88,0,Moderate,1.0,0.425,0.771,PC+Mobile,0.38562384
30,Male,Germany,Employed,Middle,15,Strategy,Mid-range PC,Silver,0.5,1,0.0,0.9,1.0,0.08,1,0,0,58.7,12,,7.1,7.0,4.3,4.9,3.7,6.3,4.0,8.2,8.8,4,0,0.5,Single,4.0,2,0.0,1,123.8,1.2,Casual Enjoyer,21.8,0,Mild,1.0,0.515,0.747,PC+Console,0.58808017
18,Non-binary,USA,Employed,Lower-Middle,6,RPG,Laptop,Diamond,4.1,3,0.7,6.1,4.1,0.25,0,1,4,45.6,5,Basic,2.0,2.7,2.5,10.0,5.6,1.4,1.0,6.9,7.0,2,2,1.1,Divorced,4.0,0,27.7,2,65.2,5.2,Social Gamer,20.25,0,Mild,0.946,0.12,0.472,PC,0.57038516
13,Male,India,Student,Middle,1,Battle Royale,Console,Silver,4.5,4,2.2,7.5,9.6,0.56,2,0,0,27.55,8,,9.2,8.3,5.2,8.8,6.0,9.5,,9.3,6.4,2,1,1.4,In a relationship,2.95,0,15.4,3,29.8,7.5,Social Gamer,29.92,0,Mild,1.0,0.73,0.938,PC,0.5589635
13,Male,USA,Unemployed,Upper-Middle,1,RPG,High-end PC,Master,7.4,9,3.0,10.3,12.1,0.65,2,4,0,36.95,0,Ultimate,5.6,1.6,3.4,4.7,4.2,3.4,4.7,7.5,7.3,1,4,4.1,Divorced,4.0,2,15.7,5,255.5,11.2,Competitive Grinder,42.1,0,Moderate,1.0,0.405,0.8,PC,0.33672658
27,Prefer not to say,Canada,Employed,Upper-Middle,15,Sandbox,Mid-range PC,Silver,6.9,6,3.4,13.2,15.0,0.41,15,8,9,116.89,24,Premium,7.2,6.9,5.0,6.0,6.3,6.3,3.8,6.4,4.8,1,1,3.0,Prefer not to say,4.0,6,22.0,9,46.0,6.9,Toxic Competitor,50.59,1,Moderate,1.0,0.505,0.845,PC+Console,0.42948455
13,Male,USA,Employed,Low,1,RPG,Mobile,Gold,7.7,7,2.1,9.7,10.2,0.39,3,0,0,0.0,3,Ultimate,4.9,7.2,4.0,6.7,6.8,4.6,6.3,7.4,9.2,0,1,2.1,Single,4.0,3,9.6,6,115.4,10.9,Binge Player,39.54,0,Mild,1.0,0.545,0.728,PC,0.69396317
13,Male,India,Student,Low,1,Sandbox,Mixed,Grandmaster,6.6,8,2.7,7.7,10.8,0.14,1,0,0,0.0,0,Ultimate,7.5,4.3,5.4,7.8,6.1,5.3,5.7,9.3,6.5,0,2,3.5,Single,3.28,3,9.5,3,126.4,7.5,Escape Seeker,45.58,0,Moderate,1.0,0.55,0.692,PC,0.7464764
26,Female,India,Employed,Middle,14,Casual,Mid-range PC,Grandmaster,4.6,5,2.5,7.8,5.3,0.26,9,8,1,54.96,19,Premium,6.2,6.5,2.5,5.6,6.3,6.9,6.5,7.1,7.8,1,1,0.0,Single,4.0,1,12.5,3,158.6,5.4,Toxic Competitor,38.57,0,Mild,1.0,0.67,0.967,Console,0.39296138
28,Female,India,Employed,Low,16,Strategy,Mobile,Diamond,1.5,2,0.1,2.4,3.6,0.61,1,2,0,31.12,10,,6.1,5.8,1.0,6.3,3.1,4.9,4.0,7.2,6.8,2,0,0.0,In a relationship,4.0,0,0.0,6,36.5,3.7,Casual Enjoyer,19.56,0,,1.0,0.445,0.808,PC,0.42120358
16,Male,USA,Freelancer,Low,4,MMORPG,Mobile,Gold,4.6,6,2.1,3.7,3.9,0.51,0,0,7,14.45,11,,6.0,2.7,3.9,7.2,5.4,2.9,3.8,6.1,6.7,1,3,1.3,In a relationship,4.0,3,0.0,6,110.8,6.2,Escape Seeker,32.49,0,Mild,1.0,0.335,0.59,Mobile,0.32224306
18,Male,India,Streamer/Content Creator,Middle,6,Strategy,Mixed,Gold,2.0,4,1.1,1.7,1.4,0.07,0,0,4,12.93,0,,6.4,10.0,1.4,7.5,3.7,7.2,7.4,7.2,7.0,2,0,1.3,Single,4.0,1,0.0,2,125.0,4.8,Casual Enjoyer,16.6,0,,1.0,0.73,0.836,PC,0.5857962
20,Male,India,Employed,Middle,8,Sandbox,Laptop,Bronze,6.8,10,1.6,8.6,11.3,0.06,2,7,4,72.3,15,Basic,4.6,9.3,4.5,4.2,5.8,6.0,6.5,8.6,8.0,0,2,3.9,Married,4.0,6,1.7,3,130.7,8.1,Toxic Competitor,44.78,0,Moderate,1.0,0.625,0.885,PC,0.37948045
20,Male,USA,Freelancer,Middle,7,Battle Royale,Laptop,Platinum,4.1,2,2.0,5.8,9.4,0.98,0,0,11,50.96,10,Premium,8.9,5.5,2.1,6.4,5.1,5.7,4.0,5.3,6.0,3,2,1.0,In a relationship,4.0,1,8.9,8,78.3,6.4,Escape Seeker,29.01,0,Mild,1.0,0.485,0.82,Mobile,0.45663714
15,Male,USA,Student,Middle,3,MMORPG,Mixed,Gold,5.8,7,0.6,7.2,10.9,0.71,0,7,0,35.71,8,,7.7,4.9,6.5,7.2,5.3,1.6,4.3,5.0,7.4,1,1,0.4,Married,3.39,2,19.0,1,192.9,7.7,Toxic Competitor,31.35,0,Mild,1.0,0.295,0.894,Mobile,0.27020186
28,Female,Russia,Student,Middle,16,Battle Royale,Console,Diamond,4.4,6,1.2,7.8,4.3,0.74,0,1,19,64.72,10,Ultimate,8.2,5.8,2.3,10.0,1.0,5.1,2.0,7.2,8.3,2,2,4.2,Single,3.25,1,19.7,1,44.5,7.3,Casual Enjoyer,18.21,0,,1.0,0.355,0.612,Console,0.46671665
19,Male,Russia,Employed,Lower-Middle,7,Sandbox,Console,Diamond,4.3,7,1.1,8.8,5.9,0.41,1,0,0,23.06,0,,6.0,5.8,1.4,6.2,4.2,6.7,2.8,8.9,6.7,2,0,2.6,Single,4.0,2,8.5,2,80.8,6.7,Streamer/Creator,24.77,0,Mild,1.0,0.475,0.763,PC,0.7239919
20,Female,Australia,Student,High,6,MMORPG,Mixed,Unranked,6.3,10,2.4,6.2,12.2,0.87,0,3,18,170.51,36,Premium,4.9,8.2,6.1,4.2,5.8,5.4,7.7,6.8,6.4,1,4,0.4,Prefer not to say,3.04,4,27.8,5,19.6,9.0,Binge Player,44.39,0,Moderate,1.0,0.655,0.841,PC+Console,0.3668735
14,Female,Brazil,Employed,Middle,1,Sandbox,Console,Silver,6.6,11,1.6,10.5,10.1,0.29,0,1,21,91.22,11,,4.9,7.4,4.2,4.7,7.5,5.2,5.9,6.8,7.2,5,4,2.5,Prefer not to say,4.0,5,5.9,10,61.2,8.8,Escape Seeker,45.1,0,Moderate,1.0,0.555,0.819,PC,0.5965625
27,Male,India,Employed,Low,15,RPG,Mixed,Silver,7.2,9,3.0,8.2,13.9,0.18,1,0,0,0.46,0,Basic,7.3,4.0,6.6,7.2,3.8,8.6,7.0,4.3,7.3,0,6,2.2,In a relationship,4.0,3,18.0,8,141.0,8.1,Streamer/Creator,44.26,0,Moderate,1.0,0.78,0.837,PC,0.5230187
31,Female,India,Employed,Upper-Middle,19,Sandbox,Mobile,Gold,4.2,5,1.3,6.4,5.2,0.49,2,0,0,44.29,1,Basic,6.3,5.7,2.2,7.6,3.7,5.0,2.2,4.8,8.5,2,4,1.6,Single,4.0,0,15.5,5,167.9,5.3,Social Gamer,23.18,0,Mild,1.0,0.36,0.613,Console,0.32257062
13,Male,Brazil,Streamer/Content Creator,Middle,1,Sandbox,Console,Bronze,9.3,7,2.5,9.7,13.9,0.32,1,3,7,50.75,9,Premium,7.2,7.1,7.9,4.2,6.7,6.3,6.5,5.7,5.6,3,3,4.2,Single,4.0,3,38.6,6,153.3,11.3,Streamer/Creator,61.25,1,Severe,1.0,0.64,0.975,PC,0.69973505
27,Male,India,Employed,Middle,15,MOBA,Laptop,Diamond,4.4,4,1.6,6.0,2.7,0.46,0,3,1,31.48,10,Premium,6.9,4.6,2.4,6.6,3.7,4.9,1.0,7.3,6.7,2,2,6.6,Single,4.0,0,11.7,11,67.7,6.5,Social Gamer,29.84,0,Mild,1.0,0.295,0.698,PC,0.63992137
29,Male,Indonesia,Freelancer,Middle,17,MOBA,Console,Gold,6.7,5,2.3,9.0,9.8,0.74,3,1,3,13.99,0,Basic,10.0,7.7,2.4,7.9,3.7,9.8,6.9,3.9,6.9,0,4,0.4,Single,4.0,4,31.5,4,107.6,7.8,Competitive Grinder,28.83,0,Mild,1.0,0.835,0.823,PC,0.46071345
27,Male,Indonesia,Employed,Middle,15,Horror,Mixed,Gold,10.2,10,4.0,8.9,16.5,0.1,0,0,0,21.46,6,Premium,8.9,5.0,6.2,7.6,3.1,7.8,3.9,4.5,4.2,0,3,1.5,Single,4.0,2,32.0,4,67.6,12.1,Binge Player,53.34,1,Moderate,1.0,0.585,0.842,PC,0.6556175
13,Male,USA,Freelancer,High,1,Casual,Laptop,Diamond,7.3,5,3.7,9.8,6.2,0.7,0,5,3,99.74,16,Premium,6.6,5.6,3.9,7.6,2.8,5.5,3.7,7.0,5.8,0,5,0.1,Married,4.0,3,27.5,5,239.4,9.2,Competitive Grinder,39.88,0,Mild,1.0,0.46,0.687,PC+Mobile,0.26148602
26,Male,USA,Employed,Middle,14,FPS,High-end PC,Gold,4.8,6,1.7,4.2,11.7,1.0,1,5,0,0.0,1,Premium,8.3,3.8,3.0,9.2,2.0,4.2,3.7,5.8,6.4,1,0,3.6,In a relationship,4.0,1,20.3,4,42.0,6.6,Escape Seeker,28.09,0,Mild,1.0,0.395,0.74,Mobile,0.3605682
26,Male,Brazil,Employed,Middle,14,Strategy,Mid-range PC,Gold,2.5,1,1.1,3.2,3.8,0.27,0,3,0,37.99,8,Basic,2.7,6.0,1.2,9.1,5.9,6.9,4.1,9.4,7.2,4,2,1.9,Single,4.0,3,0.0,4,42.0,3.6,Social Gamer,20.49,0,Mild,1.0,0.55,0.94,PC,0.7127526
28,Female,Mexico,Employed,Middle,16,Horror,Mixed,Silver,8.9,10,2.0,10.3,13.9,0.53,5,5,7,0.0,0,Basic,7.3,1.7,4.4,9.9,1.0,4.4,3.7,5.4,6.6,4,0,4.4,Married,4.0,7,30.6,7,102.0,11.8,Competitive Grinder,37.67,0,Mild,1.0,0.405,0.786,PC+Console,0.40825292
29,Non-binary,Mexico,Employed,Low,17,Sandbox,High-end PC,Bronze,1.3,1,0.6,1.8,3.2,0.12,1,0,7,15.9,5,Premium,5.2,7.8,1.0,7.0,5.9,1.3,3.6,7.7,9.1,4,0,3.0,Single,4.0,0,12.0,3,102.9,3.9,Casual Enjoyer,22.13,0,Mild,1.0,0.245,0.769,PC,0.588467
28,Male,USA,Freelancer,Upper-Middle,16,Casual,High-end PC,Platinum,11.9,12,4.0,16.3,20.6,0.32,2,0,5,45.19,11,,9.3,3.6,8.4,6.0,4.5,6.7,3.8,7.8,5.5,0,3,3.8,Married,4.0,3,44.2,12,83.1,13.9,Streamer/Creator,61.37,1,Severe,1.0,0.525,1.0,PC,0.7451235
27,Female,China,Student,Middle,15,MOBA,High-end PC,Silver,5.8,9,1.2,6.0,8.9,0.69,1,0,9,49.78,12,Basic,6.5,4.9,4.0,7.1,4.9,4.3,3.6,5.8,7.8,1,3,4.7,Prefer not to say,2.64,1,11.8,4,122.3,7.4,Social Gamer,36.82,0,Mild,1.0,0.395,0.799,Mobile,0.37531975
26,Male,UK,Employed,Lower-Middle,14,MMORPG,High-end PC,Bronze,5.5,9,2.2,6.3,6.9,0.72,2,0,8,57.74,12,Ultimate,7.9,4.2,3.7,6.3,2.9,5.0,4.0,4.1,8.0,1,3,0.3,In a relationship,4.0,2,2.3,8,80.6,7.2,Escape Seeker,31.02,0,Mild,1.0,0.45,0.928,Mobile,0.3760626
16,Male,India,Employed,Middle,4,Strategy,Mobile,Platinum,4.9,4,3.1,5.5,7.4,0.43,2,0,2,0.0,2,Premium,7.5,7.5,2.4,8.3,1.3,4.4,2.9,4.9,7.7,2,3,1.9,In a relationship,4.0,2,5.7,2,147.6,6.2,Escape Seeker,24.5,0,Mild,1.0,0.365,1.0,PC,0.55512726
24,Female,Russia,Employed,Lower-Middle,12,MOBA,Console,Bronze,8.5,12,2.7,12.2,16.6,0.69,1,0,0,0.0,0,Basic,6.8,6.5,4.0,6.2,6.4,5.4,4.6,5.8,5.5,1,0,0.2,Single,4.0,4,29.1,6,5.0,8.9,Escape Seeker,44.93,0,Moderate,1.0,0.5,0.778,Console,0.9008073
18,Prefer not to say,India,Student,Lower-Middle,4,MMORPG,Laptop,Bronze,9.0,13,3.7,7.2,11.9,0.24,2,3,6,28.05,0,Basic,6.2,6.6,3.9,6.3,4.2,6.5,4.8,7.5,6.5,2,6,0.0,Prefer not to say,2.45,2,23.1,4,151.3,10.4,Binge Player,44.91,0,Moderate,1.0,0.565,0.834,PC,0.61453694
13,Male,USA,Student,Lower-Middle,1,Casual,Laptop,Silver,6.0,7,2.0,10.6,12.1,0.39,3,0,0,46.56,8,,7.1,4.9,4.2,9.2,5.4,8.3,6.1,8.5,8.0,2,5,0.9,In a relationship,2.43,0,21.0,6,5.0,8.4,Binge Player,29.32,0,Mild,1.0,0.72,0.861,Console,0.676532
19,Non-binary,Germany,Freelancer,Upper-Middle,7,Battle Royale,Laptop,Platinum,5.5,6,3.0,10.1,8.8,0.92,1,0,8,36.3,6,Basic,4.6,1.1,5.1,9.3,2.4,2.5,5.4,5.2,8.0,1,2,3.1,In a relationship,4.0,0,17.6,4,116.9,6.8,Casual Enjoyer,32.28,0,Mild,1.0,0.395,0.788,PC,0.27386782
17,Male,Germany,Student,Middle,5,FPS,Mixed,Diamond,6.1,7,2.6,8.1,3.8,0.77,0,10,0,38.96,14,,6.4,5.1,3.7,3.7,6.3,7.4,5.1,6.4,4.8,1,3,2.8,Single,3.12,1,8.5,6,102.6,7.8,Toxic Competitor,48.22,0,Moderate,1.0,0.625,0.732,PC,0.32756016
31,Male,India,Employed,Lower-Middle,19,Battle Royale,Mixed,Gold,8.8,11,2.7,11.3,13.3,0.71,4,0,0,22.72,6,,7.5,2.7,4.4,8.5,3.7,5.3,5.8,6.3,7.7,1,2,2.8,Married,4.0,5,17.2,5,75.9,9.7,Competitive Grinder,42.75,0,Moderate,1.0,0.555,0.648,PC,0.49399912
22,Male,Japan,Student,Lower-Middle,10,Sports,Mobile,Unranked,5.0,8,1.9,4.0,8.0,0.36,1,1,4,52.93,3,Basic,4.5,6.9,4.9,5.1,8.3,3.9,4.0,7.1,8.0,2,5,0.2,In a relationship,3.05,3,0.0,9,137.5,6.8,Escape Seeker,36.65,0,Mild,1.0,0.395,0.773,Mobile,0.31894693
17,Female,Russia,Student,Middle,5,FPS,Console,Diamond,5.2,5,1.8,8.8,8.3,0.19,2,0,3,49.43,6,Ultimate,5.3,3.9,3.6,7.2,3.9,4.9,2.8,8.8,8.4,3,1,4.1,Single,3.41,2,11.8,7,116.3,7.8,Binge Player,30.64,0,Mild,1.0,0.385,0.747,Console,0.26362097
19,Male,Mexico,Student,Upper-Middle,7,Horror,Mobile,Diamond,9.8,11,4.2,7.8,16.4,0.38,0,0,6,77.17,18,Basic,7.2,7.9,5.2,7.8,3.8,4.1,6.2,7.5,7.5,1,2,3.0,Single,2.81,2,40.2,12,5.0,13.3,Streamer/Creator,48.35,0,Moderate,1.0,0.515,0.675,PC,0.88142556
22,Male,Other,Unemployed,Low,10,MOBA,Mobile,Gold,6.1,5,2.5,8.4,10.6,0.66,1,0,5,22.1,4,,7.6,1.7,4.4,8.0,1.0,5.0,3.7,7.0,8.2,1,2,3.5,Single,4.0,0,9.5,6,149.7,8.1,Escape Seeker,33.65,0,Mild,1.0,0.435,0.901,PC,0.36015746
33,Male,USA,Employed,Lower-Middle,21,Sandbox,Console,Platinum,4.9,4,3.2,6.0,5.5,0.31,1,1,0,31.33,6,,4.6,7.2,4.1,5.9,5.5,2.0,3.3,10.0,7.6,2,4,1.8,Married,4.0,2,7.5,6,93.1,7.8,Social Gamer,38.28,0,Mild,1.0,0.265,0.59,PC,0.7016036
14,Male,Brazil,Student,Middle,2,Horror,Console,Gold,4.9,7,2.3,7.3,8.7,0.5,1,0,0,15.1,11,Basic,4.8,4.4,4.8,4.8,6.1,3.5,4.2,7.2,7.3,4,1,6.4,In a relationship,3.44,3,0.0,6,95.5,6.5,Escape Seeker,39.29,0,Mild,1.0,0.385,0.55,PC,0.6808347
24,Female,India,Freelancer,Upper-Middle,12,Battle Royale,Console,Diamond,5.9,5,1.0,6.8,7.9,0.81,26,10,3,51.51,7,,8.7,5.3,5.5,5.3,7.0,5.8,7.1,6.1,6.5,3,5,2.3,Single,4.0,3,9.4,8,147.1,7.6,Toxic Competitor,42.61,0,Moderate,1.0,0.645,0.717,Mobile,0.53071266
14,Female,Brazil,Employed,Middle,2,Sports,Mobile,Bronze,10.6,10,3.0,18.5,17.7,0.22,0,0,1,65.15,4,Premium,7.3,5.0,6.2,6.8,8.1,4.2,3.3,7.7,6.9,0,4,1.2,In a relationship,4.0,8,22.2,5,15.0,12.5,Streamer/Creator,55.22,1,Moderate,1.0,0.375,0.899,PC,0.65236044
21,Male,Brazil,Student,Middle,9,Strategy,Laptop,Unranked,3.8,1,0.1,4.4,6.4,0.62,1,0,12,48.58,4,,9.3,6.9,4.0,6.4,4.9,10.0,5.9,4.9,6.9,1,0,1.2,Single,3.07,5,7.9,0,54.4,4.4,Casual Enjoyer,27.9,0,Mild,1.0,0.795,0.961,PC,0.6186385
19,Male,USA,Unemployed,Middle,7,Casual,High-end PC,Bronze,7.6,10,4.0,12.8,11.4,0.59,0,3,0,26.9,8,Basic,7.1,7.0,5.4,8.5,3.8,8.7,6.6,6.1,5.2,0,4,3.6,In a relationship,4.0,5,3.5,3,136.4,10.4,Competitive Grinder,42.42,0,Moderate,1.0,0.765,0.829,PC,0.53499246
20,Female,Australia,Employed,Middle,6,MMORPG,Laptop,Diamond,7.9,9,2.9,12.6,13.4,0.42,3,1,13,74.34,11,Premium,9.0,6.5,3.6,4.4,6.6,4.0,5.5,7.8,6.4,0,1,2.3,In a relationship,4.0,0,6.9,8,116.7,10.2,Competitive Grinder,43.58,0,Moderate,1.0,0.475,0.638,PC+Mobile,0.2746868
17,Male,USA,Student,Middle,3,Strategy,Console,Gold,9.2,14,4.7,10.1,18.4,0.45,0,2,0,29.02,7,Ultimate,5.1,6.4,6.0,8.3,4.7,4.4,4.0,8.1,7.0,1,0,3.6,In a relationship,2.47,4,30.3,5,98.6,12.4,Streamer/Creator,45.2,0,Moderate,1.0,0.42,0.78,PC,0.5140204
22,Non-binary,China,Employed,Upper-Middle,10,Sandbox,High-end PC,Diamond,10.4,12,3.2,13.5,18.5,0.21,0,1,8,41.44,7,,4.6,3.3,7.8,4.8,5.0,3.2,2.0,7.4,6.2,1,1,5.6,In a relationship,4.0,3,25.2,8,208.5,11.5,Streamer/Creator,63.24,1,Severe,1.0,0.26,0.622,PC,0.3325489
21,Female,Australia,Student,Low,9,Sandbox,Console,Silver,6.8,5,2.3,10.5,16.4,0.63,0,0,2,0.0,0,Premium,9.2,2.6,5.3,5.3,4.0,5.1,2.1,5.0,5.2,2,3,1.2,Single,3.03,3,4.4,8,189.8,9.0,Binge Player,48.23,0,Moderate,1.0,0.36,0.531,PC,0.46688345
28,Female,USA,Student,Low,13,RPG,Mobile,Diamond,9.1,8,4.1,10.4,14.8,0.54,18,5,2,24.28,2,,6.4,2.9,5.3,6.6,3.2,5.0,4.1,6.0,4.4,0,4,5.2,Single,3.61,8,21.1,9,97.2,11.5,Toxic Competitor,49.73,0,Moderate,1.0,0.455,0.826,Mobile,0.67976576
28,Male,Canada,Employed,Lower-Middle,16,MMORPG,Laptop,Platinum,7.6,10,2.6,10.7,9.0,0.33,2,0,1,21.34,12,,8.2,4.1,6.2,7.8,4.6,6.0,5.0,9.4,7.1,0,3,0.6,In a relationship,4.0,8,43.8,1,106.2,10.7,Streamer/Creator,47.85,0,Moderate,1.0,0.55,0.802,PC,0.7164385
22,Male,USA,Unemployed,Upper-Middle,10,Strategy,Console,Silver,5.5,6,3.1,7.6,8.6,0.37,8,5,9,33.68,11,Premium,6.0,8.1,3.7,7.0,2.8,5.4,5.3,7.3,5.7,1,2,1.9,Single,4.0,3,21.2,4,94.2,7.3,Toxic Competitor,34.84,0,Mild,1.0,0.535,0.843,Mobile,0.44079146
21,Female,Mexico,Freelancer,Middle,9,Battle Royale,Mobile,Bronze,2.4,1,0.8,3.9,5.5,0.59,0,0,0,56.87,12,Premium,7.8,6.7,4.2,6.2,6.6,6.2,4.9,5.1,8.4,0,0,4.0,Single,4.0,0,20.9,3,158.7,5.5,Casual Enjoyer,24.73,0,Mild,1.0,0.555,0.678,PC+Console,0.29869655
35,Male,Brazil,Employed,Upper-Middle,23,Casual,Laptop,Silver,5.8,7,1.4,5.1,10.3,0.38,16,6,15,98.04,16,Premium,7.0,2.6,1.7,3.8,6.5,4.3,2.2,4.2,6.9,3,4,2.5,In a relationship,4.0,0,27.2,0,36.2,9.2,Toxic Competitor,39.93,0,Mild,1.0,0.325,0.892,PC,0.56408477
28,Male,Other,Student,Lower-Middle,16,Strategy,Mid-range PC,Bronze,0.5,1,0.0,0.8,1.0,0.43,0,0,2,26.8,7,Premium,4.2,4.0,1.0,8.0,2.8,2.0,1.0,7.6,8.3,3,3,0.3,In a relationship,3.2,0,0.0,6,166.5,2.7,Casual Enjoyer,14.7,0,,1.0,0.15,0.434,Console,0.67060035
21,Male,USA,Employed,Middle,9,MMORPG,Mid-range PC,Gold,9.1,13,3.5,17.7,15.2,0.57,5,2,0,26.95,9,Basic,3.9,4.7,7.8,6.9,4.5,2.2,3.0,5.1,4.7,1,0,1.7,Married,4.0,5,31.6,6,67.3,11.9,Competitive Grinder,51.82,1,Moderate,1.0,0.26,0.607,PC,0.71154374
19,Female,USA,Employed,Upper-Middle,7,Sandbox,Mixed,Platinum,9.5,8,4.4,11.7,16.0,0.67,2,3,7,110.37,27,Premium,7.5,5.5,5.7,5.8,7.9,4.1,4.0,4.1,6.2,1,2,3.5,In a relationship,4.0,5,24.6,6,64.9,11.5,Binge Player,55.86,1,Moderate,1.0,0.405,0.836,PC,0.39701703
19,Male,Australia,Student,Upper-Middle,7,Sandbox,Mixed,Master,8.0,9,3.1,7.0,12.1,0.69,1,0,7,93.86,18,,5.5,2.2,6.8,3.3,6.7,5.9,1.5,5.7,4.8,0,2,3.2,Single,2.17,4,33.6,8,134.2,9.0,Streamer/Creator,57.23,1,Moderate,1.0,0.37,0.803,PC+Console,0.49295777
21,Female,USA,Student,Lower-Middle,9,FPS,Mixed,Gold,8.7,9,3.3,9.0,16.7,0.74,0,1,0,13.96,0,,9.3,2.5,5.5,7.4,5.3,8.3,3.4,3.4,6.2,1,1,3.5,Single,2.97,1,4.3,7,117.1,11.4,Binge Player,45.88,0,Moderate,1.0,0.585,0.787,Mobile,0.3927744
29,Female,Germany,Employed,Middle,17,RPG,Mid-range PC,Platinum,0.9,1,1.3,1.8,1.2,0.39,2,1,6,35.43,12,Premium,7.8,4.7,1.0,2.7,6.4,6.1,3.8,4.8,7.4,3,2,2.6,In a relationship,4.0,2,9.9,0,154.7,2.7,Social Gamer,29.49,0,Mild,1.0,0.495,0.688,PC+Console,0.47537205
22,Female,USA,Streamer/Content Creator,Low,8,RPG,Console,Diamond,7.3,7,2.6,9.7,12.5,0.52,11,3,12,33.95,3,Ultimate,8.6,2.8,5.3,7.0,4.2,6.6,3.4,7.6,6.8,0,4,3.3,In a relationship,4.0,3,11.4,11,34.5,9.7,Toxic Competitor,43.65,0,Moderate,1.0,0.5,0.749,Mobile,0.5864459
20,Female,Other,Employed,Middle,8,MMORPG,High-end PC,Diamond,6.5,9,1.6,9.2,12.4,0.61,1,2,1,52.74,7,Basic,5.6,4.0,4.2,8.6,4.1,5.7,3.7,7.6,8.7,0,4,3.8,Divorced,4.0,1,18.4,4,171.4,9.1,Social Gamer,35.64,0,Mild,1.0,0.47,0.622,PC,0.2886379
20,Male,USA,Student,Middle,8,FPS,Mobile,Silver,6.6,6,2.9,9.6,12.5,0.45,0,0,1,39.97,9,Basic,8.2,6.1,5.4,5.1,7.1,10.0,4.6,4.9,4.7,2,3,0.0,Divorced,2.77,5,29.4,7,93.6,8.7,Escape Seeker,47.58,0,Moderate,1.0,0.73,0.965,PC,0.49600857
23,Non-binary,Japan,Student,Middle,10,MMORPG,Mobile,Diamond,10.4,9,3.6,18.5,18.0,0.66,0,2,0,22.77,9,Basic,9.3,3.0,5.5,8.1,3.1,5.7,4.3,5.7,6.2,0,2,2.9,In a relationship,,6,30.9,10,11.2,11.3,Streamer/Creator,48.78,0,Moderate,1.0,0.5,0.858,Console,0.6673986
29,Male,UK,Student,Middle,17,FPS,Mid-range PC,Silver,10.0,11,3.4,13.8,15.4,0.31,2,2,14,70.18,18,Premium,8.8,1.8,7.2,5.7,9.0,5.6,5.9,4.7,6.9,0,2,2.1,Single,2.83,6,15.9,6,116.5,12.9,Binge Player,60.88,1,Severe,1.0,0.575,0.811,Mobile,0.4236165
27,Male,UK,Freelancer,Upper-Middle,15,Strategy,Console,Platinum,7.8,10,2.9,15.1,13.0,0.21,0,5,9,59.11,15,,8.1,4.3,6.1,5.6,4.7,7.0,6.8,6.4,5.0,1,3,0.8,Single,4.0,3,23.9,6,62.6,10.4,Toxic Competitor,47.05,0,Moderate,1.0,0.69,0.936,PC,0.61292064
13,Male,Brazil,Employed,Lower-Middle,1,RPG,Mixed,Silver,6.2,3,1.5,6.1,7.0,0.5,1,1,0,39.25,5,,7.0,5.0,5.0,7.9,3.7,7.1,3.9,7.5,7.4,2,3,0.0,In a relationship,4.0,0,13.4,0,16.7,8.8,Escape Seeker,30.46,0,Mild,1.0,0.55,0.845,PC,0.42803168
21,Male,Germany,Student,Lower-Middle,9,FPS,Mixed,Platinum,3.1,3,1.0,5.3,4.0,0.42,1,0,0,22.28,3,Basic,4.3,8.2,3.1,8.8,7.2,3.6,5.8,8.8,7.4,0,2,0.0,Single,3.21,0,7.1,0,74.9,5.1,Casual Enjoyer,29.67,0,Mild,1.0,0.47,0.868,PC,0.7836979
23,Female,Japan,Employed,Lower-Middle,8,Strategy,Mid-range PC,Silver,8.2,6,2.2,12.7,10.1,0.33,0,2,0,5.7,0,,7.8,7.9,6.3,8.8,5.0,7.9,5.9,6.0,6.0,1,4,1.8,Married,4.0,1,34.2,8,116.6,11.3,Streamer/Creator,41.92,0,Moderate,1.0,0.69,0.884,PC,0.7445479
18,Female,Japan,Employed,Lower-Middle,6,Battle Royale,Mobile,Diamond,2.5,4,1.6,4.2,1.0,0.82,1,0,4,4.1,5,,8.0,4.5,2.1,6.7,5.4,4.2,6.9,6.5,7.8,2,6,1.6,Single,4.0,0,14.4,1,145.5,3.3,Social Gamer,27.82,0,Mild,1.0,0.555,0.802,PC,0.49140042
24,Female,USA,Freelancer,Middle,10,Casual,Mid-range PC,Gold,1.6,1,1.1,1.8,1.9,0.06,0,3,6,38.25,16,Basic,4.4,4.3,1.4,9.5,2.5,1.0,2.2,7.8,7.5,4,4,3.1,In a relationship,4.0,0,0.0,4,44.8,3.1,Escape Seeker,12.28,0,,1.0,0.16,0.455,Console,0.36153522
19,Male,Australia,Student,Middle,7,Horror,High-end PC,Diamond,3.1,4,0.8,5.0,4.6,0.69,0,2,2,46.55,14,,8.3,5.1,1.5,4.7,3.3,6.3,4.5,6.2,7.9,5,3,1.6,Single,3.08,2,3.6,4,134.7,3.9,Casual Enjoyer,20.99,0,Mild,1.0,0.54,0.886,PC+Console,0.28285944
29,Male,China,Freelancer,Lower-Middle,17,Casual,Mobile,Silver,3.7,4,2.2,4.7,4.1,0.28,0,0,0,0.0,4,,7.2,6.4,2.6,8.1,3.4,8.1,5.5,6.4,6.1,1,4,1.1,Married,4.0,1,25.5,6,22.8,6.1,Social Gamer,24.75,0,Mild,1.0,0.68,1.0,Console,0.7914619
20,Female,India,Student,Middle,5,Sandbox,Mobile,Bronze,5.6,5,1.4,6.2,8.8,0.53,16,7,0,29.28,4,,9.0,9.3,6.8,8.5,2.9,8.0,8.1,5.3,7.2,2,2,1.5,Married,3.26,1,14.1,5,85.6,9.1,Toxic Competitor,36.46,0,Mild,1.0,0.805,0.985,Mobile,0.6320472
27,Male,Brazil,Student,High,15,MOBA,Laptop,Silver,7.0,7,1.1,10.7,5.6,0.52,0,3,14,131.65,37,Basic,7.1,7.8,5.6,10.0,3.8,7.3,5.2,8.1,8.3,1,3,1.3,Married,3.09,4,17.7,6,33.4,8.2,Competitive Grinder,29.86,0,Mild,1.0,0.625,0.881,Console,0.5430058
40,Male,USA,Employed,Middle,25,MMORPG,Mid-range PC,Bronze,7.1,8,2.5,6.1,10.1,0.45,0,0,5,41.49,4,Premium,7.5,6.3,4.1,7.2,6.9,5.9,8.2,7.9,5.8,2,3,1.4,Single,4.0,6,17.8,5,126.5,11.1,Social Gamer,43.71,0,Moderate,1.0,0.705,0.809,PC,0.62292403
16,Male,Germany,Employed,Middle,4,Sports,Console,Unranked,4.3,6,3.3,6.8,7.1,0.45,1,1,1,14.98,0,Basic,7.3,5.5,3.4,7.1,3.8,8.0,3.9,8.9,5.2,0,3,0.3,Divorced,4.0,4,0.0,9,129.8,4.7,Casual Enjoyer,35.46,0,Mild,1.0,0.595,0.803,PC,0.45282176
25,Male,USA,Employed,Middle,13,Battle Royale,Mobile,Gold,6.4,4,1.2,7.6,9.6,0.4,2,2,0,15.94,0,Ultimate,8.5,3.7,6.5,8.5,2.1,4.4,5.5,6.4,6.5,1,4,0.9,In a relationship,,2,24.5,6,99.7,9.2,Escape Seeker,34.97,0,Mild,1.0,0.495,0.804,PC,0.38259304
26,Male,Canada,Streamer/Content Creator,Upper-Middle,14,Sandbox,Mobile,Bronze,8.2,10,2.6,12.5,11.3,0.6,3,5,0,46.49,8,Premium,8.8,8.1,5.1,7.2,1.4,9.4,5.6,4.8,8.0,0,2,3.8,Single,4.0,5,11.0,10,10.6,10.4,Binge Player,43.61,0,Moderate,1.0,0.75,0.891,PC,0.58166975
21,Male,USA,Employed,Lower-Middle,9,FPS,Laptop,Platinum,6.5,5,3.0,10.2,10.7,0.49,0,2,4,12.15,0,Premium,7.1,2.7,5.0,9.0,3.5,3.3,2.6,8.3,6.2,1,4,0.4,In a relationship,4.0,4,23.0,5,129.2,7.7,Escape Seeker,41.35,0,Moderate,1.0,0.295,0.658,PC,0.48346984
24,Male,Mexico,Employed,Middle,10,Battle Royale,High-end PC,Silver,2.4,1,0.5,3.1,4.7,0.46,0,3,0,28.83,5,Basic,5.7,2.6,1.0,4.5,3.2,3.4,1.0,4.8,9.2,1,2,3.4,In a relationship,4.0,1,17.1,4,92.5,3.6,Casual Enjoyer,18.47,0,,1.0,0.22,0.639,Mobile,0.2434357
26,Prefer not to say,Germany,Unemployed,Upper-Middle,14,Casual,Mobile,Silver,3.2,6,0.0,5.1,6.6,0.42,0,0,14,101.8,16,,7.7,4.8,3.3,3.9,6.0,8.3,2.5,6.3,7.8,1,2,3.9,In a relationship,4.0,4,13.1,8,79.8,4.7,Casual Enjoyer,29.48,0,Mild,1.0,0.54,0.873,PC+Console,0.5957082
18,Male,USA,Employed,Upper-Middle,6,Battle Royale,Mixed,Gold,9.3,10,4.4,10.4,13.4,0.39,3,2,2,56.59,12,,6.1,10.0,7.1,6.3,4.8,6.6,4.0,5.3,4.1,1,4,1.2,Prefer not to say,4.0,1,14.1,5,47.6,11.3,Binge Player,58.05,1,Moderate,1.0,0.53,0.895,PC,0.6749734
13,Male,Brazil,Employed,Lower-Middle,1,MOBA,High-end PC,Gold,5.5,6,1.7,6.7,9.2,0.72,1,0,0,0.0,4,Premium,4.5,2.2,3.9,6.1,3.5,5.2,1.7,5.7,6.7,1,2,3.8,Divorced,4.0,3,8.5,0,59.4,8.5,Social Gamer,36.04,0,Mild,1.0,0.345,0.483,PC,0.700068
29,Male,USA,Employed,Upper-Middle,15,Sandbox,Laptop,Silver,5.6,6,1.5,7.8,5.3,0.18,2,6,2,107.11,29,Ultimate,7.8,6.6,3.2,3.1,7.2,7.9,7.7,8.1,7.9,1,2,1.0,Prefer not to say,4.0,2,10.2,4,94.4,8.0,Toxic Competitor,43.93,0,Moderate,1.0,0.78,0.768,PC+Console,0.7506046
22,Male,Russia,Streamer/Content Creator,Lower-Middle,10,Battle Royale,Mid-range PC,Bronze,9.6,11,4.3,13.7,11.7,0.6,1,1,2,0.0,0,,8.8,3.7,5.1,5.3,3.8,6.6,5.4,6.9,5.7,1,3,0.5,Single,4.0,5,26.5,9,98.6,11.3,Competitive Grinder,58.18,1,Moderate,1.0,0.6,0.716,PC,0.7389305
21,Male,Canada,Student,Upper-Middle,8,MMORPG,Mobile,Bronze,2.3,3,0.6,2.7,1.3,0.36,0,0,2,38.3,13,Premium,9.7,2.9,2.0,8.8,4.6,5.9,6.0,6.6,7.6,3,3,0.3,In a relationship,3.04,3,18.2,1,5.0,4.5,Casual Enjoyer,19.49,0,,1.0,0.595,0.802,Console,0.54704887
28,Male,South Korea,Employed,Low,16,MOBA,Console,Master,7.2,9,1.2,8.9,12.9,0.72,2,8,0,0.0,5,Basic,6.8,4.6,5.4,6.7,5.6,2.5,5.1,7.9,6.6,2,0,3.8,In a relationship,4.0,2,6.5,10,109.2,8.1,Toxic Competitor,45.7,0,Moderate,1.0,0.38,0.717,PC,0.7251161
18,Male,USA,Employed,Lower-Middle,6,MMORPG,Console,Gold,10.5,10,3.6,16.0,18.2,0.27,1,0,4,45.57,12,,5.5,5.3,7.4,5.4,5.9,4.0,5.8,8.2,5.2,0,5,5.4,In a relationship,4.0,5,25.9,11,113.5,12.8,Streamer/Creator,58.53,1,Moderate,1.0,0.49,0.824,Mobile,0.38147944
15,Male,Canada,Employed,Low,3,RPG,Mid-range PC,Master,4.9,7,0.4,6.4,7.1,0.26,1,1,0,3.16,0,,9.0,4.2,3.2,6.7,4.1,5.5,7.7,5.0,7.7,5,3,3.6,Single,4.0,0,22.1,8,46.6,6.5,Social Gamer,25.54,0,Mild,1.0,0.66,0.935,Mobile,0.4300789
22,Non-binary,Canada,Employed,Low,10,Casual,Console,Bronze,7.4,6,0.7,11.4,14.5,0.73,0,2,0,1.66,3,Basic,7.9,4.9,3.2,5.8,6.6,5.9,6.2,4.5,7.0,0,4,3.5,Single,4.0,3,29.0,4,76.1,9.4,Streamer/Creator,40.42,0,Moderate,1.0,0.605,0.846,PC,0.739679
13,Male,India,Employed,Lower-Middle,1,MMORPG,Mixed,Gold,8.4,9,2.4,10.5,15.2,0.53,2,3,0,0.0,1,Premium,8.5,5.5,6.6,8.8,3.9,6.8,2.6,5.8,5.1,0,3,0.7,Single,4.0,5,15.1,8,13.0,12.4,Binge Player,40.49,0,Moderate,1.0,0.47,0.57,Console,0.48672026
16,Female,France,Student,Upper-Middle,3,FPS,Mobile,Silver,6.7,7,2.3,9.9,8.3,0.71,1,4,7,58.74,13,Basic,7.8,3.0,4.1,8.0,3.7,6.1,3.3,8.3,6.7,3,5,0.2,Single,2.25,5,30.5,10,5.0,7.9,Toxic Competitor,31.4,0,Mild,1.0,0.47,0.711,PC,0.685967
18,Male,USA,Employed,Middle,6,Sandbox,Mobile,Platinum,5.2,10,0.7,6.3,10.1,0.55,2,0,0,74.09,15,,7.1,4.4,2.3,3.4,10.0,6.2,4.2,4.7,6.2,1,3,0.7,In a relationship,4.0,0,12.1,5,37.6,8.9,Binge Player,40.0,0,Moderate,1.0,0.52,0.834,PC,0.61269635
20,Male,Germany,Student,Low,6,RPG,Mobile,Unranked,2.4,3,0.0,3.3,3.7,0.51,0,4,0,17.43,1,Basic,6.1,3.5,2.0,4.2,5.9,5.6,1.0,6.6,8.4,4,5,3.3,Prefer not to say,3.49,2,0.0,0,131.4,4.8,Casual Enjoyer,31.14,0,Mild,1.0,0.33,0.851,PC,0.45650187
24,Male,Russia,Unemployed,Middle,12,Strategy,Laptop,Master,6.4,10,1.6,9.6,10.8,0.21,0,2,13,70.14,8,Premium,6.2,4.3,4.4,7.8,7.0,4.9,6.0,4.7,7.4,1,5,2.4,In a relationship,4.0,4,15.6,6,100.5,9.3,Escape Seeker,38.8,0,Mild,1.0,0.545,0.794,Mobile,0.48019698
21,Male,USA,Employed,Upper-Middle,9,MOBA,Mixed,Diamond,2.3,1,1.1,2.9,1.3,0.24,0,0,6,50.4,0,Premium,6.8,4.8,1.0,8.3,4.5,5.7,3.1,6.9,7.7,2,0,1.8,Prefer not to say,4.0,1,16.5,0,107.2,3.8,Casual Enjoyer,18.68,0,,1.0,0.44,0.779,PC,0.28443354
13,Female,USA,Student,Middle,1,RPG,High-end PC,Gold,7.8,11,3.8,9.5,12.2,0.71,1,0,7,49.04,0,Premium,7.8,2.1,7.9,5.0,7.2,6.0,,2.9,4.8,0,4,0.9,Prefer not to say,3.12,5,26.2,8,94.0,8.1,Escape Seeker,59.46,1,Moderate,1.0,0.39,0.706,Mobile,0.4752018
25,Female,UK,Employed,Low,13,Casual,Mid-range PC,Diamond,3.3,6,0.4,4.0,7.6,0.5,0,2,2,22.34,6,Premium,6.7,5.3,3.4,7.2,1.0,3.4,5.2,7.2,7.4,0,0,2.7,In a relationship,4.0,0,12.3,8,126.5,5.7,Casual Enjoyer,23.56,0,Mild,1.0,0.43,0.798,Console,0.3359294
25,Female,USA,Employed,Upper-Middle,13,MOBA,Mid-range PC,Master,5.0,9,1.7,5.5,10.2,0.81,0,0,8,79.39,16,,6.5,3.2,3.4,7.1,5.1,4.9,5.5,8.5,8.3,1,1,4.1,Single,4.0,7,13.5,3,22.4,6.7,Escape Seeker,36.59,0,Mild,1.0,0.52,0.698,PC,0.5320104
21,Male,USA,Employed,Middle,9,Casual,High-end PC,Diamond,9.6,10,2.5,15.2,17.5,0.95,2,0,6,57.23,4,,8.6,4.4,7.5,7.1,7.4,8.0,3.9,7.5,8.4,2,3,2.4,In a relationship,4.0,6,17.0,8,112.0,11.0,Streamer/Creator,50.66,1,Moderate,1.0,0.595,0.86,Mobile,0.36880317
14,Male,Russia,Freelancer,Lower-Middle,2,MMORPG,High-end PC,Master,6.8,4,2.0,10.5,8.6,0.44,6,2,7,20.4,9,Premium,8.0,4.9,5.9,9.5,3.1,7.0,5.1,7.0,5.9,2,4,3.6,Married,4.0,1,6.5,10,239.3,9.1,Competitive Grinder,35.17,0,Mild,1.0,0.605,0.751,PC,0.42189634
24,Female,Russia,Employed,Lower-Middle,11,Horror,Mobile,Silver,9.7,9,3.2,14.0,18.8,0.38,0,2,3,0.54,4,,8.0,2.2,5.9,6.3,6.1,4.8,,6.3,6.1,0,2,0.7,In a relationship,4.0,6,22.6,11,171.5,12.5,Competitive Grinder,57.77,1,Moderate,1.0,0.46,0.672,PC,0.5456296
15,Male,India,Unemployed,Middle,3,Horror,Mid-range PC,Silver,5.2,3,0.9,10.4,3.9,0.36,9,7,8,36.45,2,Premium,4.2,4.0,4.5,8.0,4.4,1.6,2.7,7.7,5.8,3,1,2.3,Single,4.0,4,5.9,4,109.3,6.4,Toxic Competitor,34.58,0,Mild,1.0,0.215,0.684,PC,0.38648805
27,Male,India,Unemployed,Middle,11,MMORPG,Laptop,Diamond,5.3,8,1.4,11.3,9.7,0.5,0,0,13,13.96,0,Basic,7.5,6.4,2.6,9.2,2.2,6.3,6.0,7.0,6.6,3,2,0.6,In a relationship,4.0,1,25.2,3,5.0,6.5,Casual Enjoyer,26.73,0,Mild,1.0,0.615,0.976,Console,0.7082351
13,Female,USA,Student,Middle,1,Battle Royale,Mid-range PC,Grandmaster,8.1,9,3.4,14.7,15.9,0.4,1,1,3,15.07,0,Premium,5.3,1.0,6.2,9.1,3.1,5.3,1.8,7.6,6.1,3,2,6.1,Single,2.71,5,17.9,2,96.0,9.5,Streamer/Creator,48.05,0,Moderate,1.0,0.355,0.71,Mobile,0.4159505
24,Non-binary,India,Student,Middle,9,FPS,Mobile,Bronze,2.0,4,1.2,2.3,3.8,0.64,0,0,4,45.65,15,Basic,5.3,4.0,1.5,5.4,6.5,3.5,5.5,10.0,6.5,2,2,3.1,Single,3.01,1,14.1,10,82.8,5.4,Casual Enjoyer,30.79,0,Mild,1.0,0.45,0.888,Mobile,0.37153497
27,Male,Japan,Employed,Middle,9,MMORPG,Console,Silver,8.3,9,2.0,16.6,11.6,0.3,2,0,1,67.84,3,,8.1,4.0,3.8,6.0,6.0,5.4,6.3,3.5,6.9,1,5,2.9,In a relationship,4.0,3,16.9,5,57.3,11.2,Escape Seeker,48.65,0,Moderate,1.0,0.585,0.815,PC,0.7493818
29,Male,Germany,Employed,Lower-Middle,17,Casual,High-end PC,Bronze,2.5,2,1.1,3.1,5.6,0.46,1,0,1,43.21,12,,2.3,4.2,1.0,6.5,4.7,2.9,3.4,8.9,6.1,4,0,1.7,In a relationship,4.0,0,2.1,0,46.2,5.7,Social Gamer,25.23,0,Mild,0.948,0.315,0.777,PC,0.6105865
24,Male,USA,Freelancer,Middle,12,Sandbox,Mixed,Platinum,7.2,5,1.0,12.5,12.3,0.47,5,2,5,67.76,19,Ultimate,7.8,6.6,5.0,4.8,6.4,8.3,7.3,5.6,6.6,2,7,0.0,Single,4.0,6,19.4,4,116.6,10.6,Binge Player,44.47,0,Moderate,1.0,0.78,0.85,PC+Console,0.3362252
21,Male,USA,Employed,Middle,9,MOBA,Console,Silver,4.9,7,3.5,5.6,7.2,0.7,0,0,2,29.7,5,,6.9,6.1,4.8,6.0,4.2,6.6,5.0,6.9,7.1,1,1,0.4,Prefer not to say,4.0,3,20.7,3,128.6,7.0,Casual Enjoyer,41.99,0,Moderate,1.0,0.58,0.827,PC,0.49587134
22,Male,USA,Employed,Low,7,RPG,Mixed,Platinum,3.4,1,1.3,5.8,7.5,0.38,2,0,0,3.73,8,Premium,4.6,6.7,2.7,4.6,6.8,2.9,6.1,10.0,7.0,3,1,1.0,Single,4.0,3,0.0,4,162.7,3.7,Social Gamer,34.13,0,Mild,1.0,0.45,0.646,PC,0.59343493
27,Female,Indonesia,Streamer/Content Creator,Middle,15,Battle Royale,High-end PC,Grandmaster,2.5,5,0.6,3.2,4.5,0.64,2,1,9,42.68,12,,8.0,6.3,2.6,5.4,2.8,7.3,7.7,4.8,7.7,0,4,0.0,Single,4.0,0,15.7,1,134.8,3.7,Casual Enjoyer,26.87,0,Mild,1.0,0.75,0.926,PC+Console,0.29421344
20,Male,Russia,Employed,Low,6,Casual,Mixed,Silver,6.5,6,2.9,7.3,8.6,0.55,6,1,0,8.27,3,Premium,5.5,7.6,6.7,5.8,6.7,5.2,6.0,6.5,7.0,0,4,1.5,In a relationship,4.0,3,14.3,5,151.2,9.4,Binge Player,48.15,0,Moderate,1.0,0.56,0.873,PC,0.6118698
21,Male,Other,Student,Lower-Middle,9,Horror,Laptop,Bronze,2.1,1,0.0,3.0,2.8,0.3,0,5,4,0.0,8,,5.5,7.1,1.0,7.8,1.4,2.8,2.5,6.9,6.7,1,1,0.0,Single,3.08,1,8.5,5,36.4,3.6,Casual Enjoyer,19.62,0,,1.0,0.265,0.801,PC,0.48937804
18,Female,UK,Employed,Lower-Middle,4,Casual,Mixed,Bronze,6.3,10,2.8,5.4,14.0,0.14,0,0,0,20.74,3,Premium,4.4,7.8,5.7,6.4,3.6,5.7,,7.6,6.9,1,1,1.5,Single,4.0,3,7.5,0,116.9,6.4,Escape Seeker,44.75,0,Moderate,1.0,0.495,0.874,PC,0.63355273
20,Male,USA,Employed,Upper-Middle,8,FPS,High-end PC,Platinum,2.1,1,1.4,2.6,1.4,0.82,2,3,0,88.17,16,Basic,7.4,1.0,2.9,5.6,5.6,5.6,2.0,8.3,8.4,1,4,0.9,Single,4.0,1,7.9,7,241.6,3.4,Social Gamer,28.91,0,Mild,1.0,0.38,0.69,PC+Console,0.7036304
19,Female,Other,Freelancer,High,7,Sports,Console,Platinum,5.2,8,2.0,7.0,8.1,0.04,32,8,7,159.71,26,Ultimate,5.8,3.6,4.0,8.1,5.0,8.4,3.7,10.0,5.8,0,6,2.3,Married,4.0,3,22.1,3,200.1,6.1,Toxic Competitor,30.49,0,Mild,1.0,0.605,0.882,Console,0.76161736
20,Male,Brazil,Freelancer,Low,3,Battle Royale,Mobile,Gold,1.3,3,1.0,1.2,1.6,0.61,2,1,4,0.0,0,,6.2,5.4,1.0,5.9,5.3,6.6,2.3,8.2,6.2,3,0,0.0,Single,4.0,0,0.0,4,62.0,2.8,Casual Enjoyer,24.91,0,Mild,1.0,0.445,0.609,PC,0.6828396
34,Male,UK,Freelancer,High,21,MOBA,Mid-range PC,Silver,1.2,2,0.4,1.8,1.0,0.96,1,2,12,182.6,35,Premium,6.4,7.8,1.8,4.0,6.9,5.4,,8.1,6.7,3,2,0.8,Single,4.0,2,9.6,3,183.0,4.0,Casual Enjoyer,26.17,0,Mild,1.0,0.56,0.723,PC+Console,0.6707723
17,Female,Russia,Employed,Middle,5,RPG,Mobile,Platinum,5.8,8,1.3,8.4,6.9,0.22,1,0,14,60.0,1,Premium,8.9,8.7,4.9,5.1,7.4,8.8,8.6,4.7,8.2,3,4,0.2,Single,4.0,5,12.9,7,91.9,7.1,Casual Enjoyer,43.0,0,Moderate,1.0,0.87,0.903,PC,0.5787931
15,Male,Russia,Employed,High,3,Sandbox,Mixed,Grandmaster,9.1,10,3.5,14.3,16.1,0.43,0,0,18,151.45,25,Basic,4.8,5.3,6.5,5.6,5.5,7.0,,8.0,6.5,0,3,3.5,In a relationship,4.0,6,20.6,4,73.2,12.6,Streamer/Creator,55.87,1,Moderate,1.0,0.64,0.669,PC+Console,0.71308976
19,Male,Indonesia,Freelancer,Lower-Middle,6,MMORPG,Mixed,Master,6.9,8,2.3,12.7,10.8,0.45,0,0,1,45.07,9,Premium,7.5,3.6,5.4,1.1,9.4,3.6,3.5,7.2,7.0,1,5,2.0,Single,4.0,2,23.8,1,5.0,9.4,Streamer/Creator,57.73,1,Moderate,1.0,0.355,0.587,PC,0.5287863
17,Male,India,Student,Middle,5,Strategy,Mobile,Gold,5.8,8,2.4,5.9,7.4,0.48,5,2,11,74.05,18,Premium,5.5,4.8,2.2,7.4,5.5,3.9,4.2,9.5,8.1,2,1,1.9,Single,3.14,3,15.8,4,112.1,7.1,Binge Player,30.32,0,Mild,1.0,0.405,0.839,Mobile,0.35511371
28,Male,USA,Employed,Low,16,RPG,Mixed,Grandmaster,6.6,5,2.6,7.5,13.7,0.22,1,1,3,37.55,6,Basic,9.2,5.8,3.7,7.0,4.8,5.9,3.6,5.2,5.6,2,1,0.4,In a relationship,4.0,4,12.5,7,129.3,9.2,Escape Seeker,35.91,0,Mild,1.0,0.475,0.812,Mobile,0.2891658
22,Female,Germany,Student,Upper-Middle,10,Battle Royale,High-end PC,Gold,2.9,4,0.4,2.3,1.0,0.67,0,0,6,70.73,21,Premium,8.8,4.2,2.5,4.3,5.3,5.4,4.3,3.9,7.9,0,1,1.0,In a relationship,2.59,2,0.0,1,124.6,6.8,Casual Enjoyer,31.25,0,Mild,1.0,0.485,0.85,PC+Console,0.55955744
16,Male,India,Student,Lower-Middle,4,MOBA,Mobile,Diamond,7.9,11,3.4,8.2,13.8,0.72,0,0,0,0.0,2,Premium,6.5,3.4,5.4,5.3,3.5,5.6,4.4,6.2,5.7,0,5,2.0,Single,3.1,7,22.1,6,127.6,10.9,Streamer/Creator,43.58,0,Moderate,1.0,0.5,0.807,PC,0.572323
25,Male,India,Employed,Low,13,Sandbox,Mid-range PC,Bronze,5.3,4,1.2,5.2,10.4,0.3,0,8,0,28.48,8,Premium,7.3,5.6,2.6,2.7,7.2,6.8,4.5,5.9,8.3,0,2,3.6,Single,4.0,5,28.0,2,123.2,7.4,Toxic Competitor,37.4,0,Mild,1.0,0.565,0.741,PC,0.5023177
15,Male,China,Student,Upper-Middle,3,Strategy,Mid-range PC,Platinum,3.0,5,2.6,2.9,1.8,0.37,21,6,5,41.16,12,Basic,6.1,3.1,2.5,7.1,4.5,5.3,3.0,3.3,5.2,5,2,5.2,Single,2.6,4,0.0,8,31.5,4.6,Toxic Competitor,34.04,0,Mild,1.0,0.415,0.576,PC+Console,0.4677536
14,Female,UK,Employed,Middle,2,Sports,Mixed,Gold,7.0,4,3.3,11.1,8.7,0.6,1,0,9,67.33,11,Premium,10.0,5.4,4.2,5.9,5.5,8.3,4.6,3.4,6.6,1,0,1.8,Single,4.0,4,0.0,2,124.8,9.9,Escape Seeker,45.1,0,Moderate,1.0,0.645,1.0,PC+Console,0.4518027
30,Female,India,Employed,Middle,18,Horror,Mixed,Diamond,5.4,6,1.4,9.4,9.5,0.23,2,2,0,48.33,14,Basic,5.4,7.3,3.0,5.1,5.6,4.5,6.0,5.7,7.2,0,4,0.0,Married,4.0,3,17.6,5,69.4,6.8,Escape Seeker,31.34,0,Mild,1.0,0.525,0.857,PC,0.32530904
27,Non-binary,UK,Employed,Low,15,Horror,Mobile,Master,7.9,10,2.3,12.5,13.7,0.42,5,0,9,22.4,7,,6.8,4.9,6.5,7.4,4.4,4.9,6.0,5.8,7.4,2,0,2.6,In a relationship,4.0,3,5.0,9,177.9,11.1,Competitive Grinder,45.54,0,Moderate,1.0,0.545,0.749,PC,0.46646625
30,Male,India,Student,Lower-Middle,18,FPS,Mixed,Bronze,3.8,4,0.8,5.0,4.2,0.42,1,1,8,11.25,10,,8.8,5.6,3.2,10.0,1.0,8.2,4.4,6.3,6.2,1,2,2.1,Single,3.0,0,19.6,4,142.2,6.1,Social Gamer,21.2,0,Mild,1.0,0.63,0.901,Console,0.38325736
19,Male,UK,Student,Low,7,FPS,High-end PC,Silver,6.5,11,2.2,13.7,10.9,0.56,1,3,0,2.88,4,,6.4,4.6,6.0,8.6,2.6,5.5,4.1,4.9,6.2,3,4,1.6,In a relationship,2.86,0,22.7,1,99.7,9.3,Social Gamer,39.91,0,Mild,1.0,0.48,0.857,PC,0.6604101
20,Female,Other,Employed,Middle,8,Battle Royale,Laptop,Platinum,2.2,1,0.2,3.5,1.7,0.4,0,0,3,20.67,2,,4.5,4.6,1.0,8.5,3.4,5.3,3.3,7.2,7.0,2,4,1.0,Prefer not to say,4.0,0,14.8,3,93.7,3.7,Social Gamer,12.61,0,,1.0,0.43,0.773,PC,0.34703597
13,Female,Canada,Employed,Upper-Middle,1,MMORPG,Mixed,Unranked,5.8,5,2.6,5.1,8.5,0.5,1,0,3,25.3,1,,6.1,9.4,4.0,9.8,1.0,5.5,5.7,6.7,5.7,0,2,0.5,In a relationship,4.0,3,20.9,7,45.7,8.7,Escape Seeker,27.7,0,Mild,1.0,0.56,0.829,PC,0.45631856
18,Male,USA,Student,Lower-Middle,4,Horror,Mobile,Gold,9.2,9,2.1,7.4,13.9,0.17,0,3,1,25.59,6,Ultimate,3.3,8.3,5.9,6.9,7.6,3.1,5.4,8.5,4.7,1,4,0.0,Single,3.1,3,26.9,7,94.1,11.0,Streamer/Creator,45.88,0,Moderate,1.0,0.425,0.788,PC,0.51661414
18,Male,Germany,Unemployed,Middle,6,Sports,Mid-range PC,Silver,0.5,1,0.9,0.5,1.0,0.38,1,1,15,66.7,22,Ultimate,2.9,8.2,1.0,2.8,6.8,6.7,6.0,10.0,7.9,2,2,1.8,Married,4.0,0,9.3,0,163.6,2.8,Casual Enjoyer,23.2,0,Mild,1.0,0.635,0.886,PC+Console,0.5253377
29,Female,USA,Employed,Middle,17,MMORPG,Mobile,Silver,11.4,15,4.4,20.0,17.2,0.28,0,2,8,77.28,19,Basic,10.0,4.6,6.6,9.3,5.2,7.5,4.5,4.5,6.2,0,3,0.1,Single,4.0,1,27.7,10,51.3,13.6,Streamer/Creator,55.9,1,Moderate,1.0,0.6,0.745,PC,0.71927583
16,Male,India,Employed,High,1,Horror,Console,Bronze,9.4,13,4.1,11.4,17.5,0.26,3,0,0,48.93,13,Basic,5.5,7.7,6.4,8.9,1.6,4.4,7.0,8.3,6.4,0,0,0.0,Single,4.0,3,30.4,7,137.0,11.8,Competitive Grinder,44.25,0,Moderate,1.0,0.57,0.887,PC,0.5826207
23,Female,Japan,Employed,Lower-Middle,11,Casual,Console,Bronze,9.9,14,3.8,9.9,13.0,0.53,2,3,0,51.23,8,Basic,5.8,1.5,6.7,3.9,5.9,4.7,1.5,7.8,6.3,0,2,4.0,In a relationship,4.0,0,25.9,9,5.0,11.4,Streamer/Creator,58.26,1,Moderate,1.0,0.31,0.858,PC,0.77854276
18,Female,Germany,Employed,High,6,Casual,Laptop,Diamond,10.7,11,4.3,15.5,18.3,0.78,0,1,5,7.7,0,,9.6,5.5,6.2,10.0,1.0,5.4,6.1,3.7,5.9,0,5,1.3,Single,4.0,5,41.1,7,119.3,13.4,Streamer/Creator,43.75,0,Moderate,1.0,0.575,0.692,PC,0.6401398
23,Male,USA,Employed,Lower-Middle,11,RPG,Mobile,Silver,9.5,11,3.2,7.6,16.9,0.41,8,0,0,28.14,2,Basic,7.9,4.0,5.8,8.7,2.8,5.9,2.7,3.4,5.9,1,1,0.0,Single,4.0,5,39.6,7,61.0,10.3,Competitive Grinder,46.31,0,Moderate,1.0,0.43,0.865,PC,0.64214325
32,Female,India,Employed,Middle,20,Strategy,Mixed,Platinum,7.4,11,2.4,10.1,15.4,0.82,6,1,6,44.13,5,Ultimate,8.6,5.1,4.3,5.2,7.2,8.8,,5.4,7.1,1,2,2.9,Single,4.0,5,39.4,5,126.8,9.1,Binge Player,49.6,0,Moderate,1.0,0.67,0.895,PC,0.42433938
27,Prefer not to say,USA,Employed,Middle,15,Strategy,Mid-range PC,Platinum,7.9,8,3.3,7.9,14.1,0.62,4,4,2,33.02,12,Premium,6.5,3.8,4.8,9.1,3.7,3.4,3.9,7.4,6.1,0,0,0.6,Married,4.0,0,31.5,8,49.7,10.5,Competitive Grinder,44.69,0,Moderate,1.0,0.365,0.787,PC,0.6720268
29,Male,Japan,Employed,Upper-Middle,17,Sandbox,High-end PC,Gold,8.5,5,3.7,10.5,13.7,0.3,0,3,7,57.56,13,,9.7,5.9,5.3,4.7,5.4,6.7,7.1,5.3,6.0,1,5,3.3,In a relationship,4.0,3,22.2,4,20.9,9.5,Streamer/Creator,54.22,1,Moderate,1.0,0.69,0.934,PC,0.75320834
23,Female,USA,Unemployed,Low,11,RPG,Console,Platinum,7.1,9,2.2,8.6,10.1,0.04,7,0,1,0.0,0,,7.5,2.5,5.9,4.8,6.6,5.3,4.2,2.3,8.1,1,3,2.0,Divorced,4.0,4,0.0,7,131.6,8.7,Competitive Grinder,47.26,0,Moderate,1.0,0.475,0.904,PC,0.6144545
13,Male,USA,Student,Lower-Middle,1,Strategy,High-end PC,Platinum,6.7,9,2.0,8.0,10.3,0.36,1,0,0,4.96,0,Ultimate,6.0,4.6,5.5,10.0,1.0,4.0,3.0,9.3,6.0,2,3,2.2,Prefer not to say,,2,13.5,13,114.6,7.6,Escape Seeker,33.5,0,Mild,1.0,0.35,0.622,Mobile,0.4366065
32,Male,India,Employed,Lower-Middle,20,MMORPG,Console,Silver,6.3,8,2.3,9.3,12.5,0.28,2,0,0,49.88,10,Ultimate,6.2,4.1,6.5,7.3,4.5,4.4,4.9,3.7,6.1,1,1,1.3,In a relationship,4.0,1,21.7,6,102.3,8.6,Escape Seeker,40.94,0,Moderate,1.0,0.465,0.919,PC,0.3667383
28,Female,Indonesia,Employed,Low,16,Casual,Mixed,Bronze,7.0,9,2.5,11.5,8.5,0.49,4,6,5,7.74,4,Basic,6.9,1.7,5.7,2.7,7.0,6.1,3.1,8.1,5.2,3,2,4.0,Single,,1,20.0,4,157.9,9.5,Competitive Grinder,54.1,1,Moderate,1.0,0.46,0.795,PC,0.6807368
13,Male,Mexico,Streamer/Content Creator,High,1,Sports,Console,Master,9.6,11,5.2,7.7,18.7,0.73,1,3,16,118.12,19,Premium,7.5,5.0,5.6,7.3,5.4,6.0,6.5,7.5,4.4,0,3,1.6,In a relationship,4.0,5,22.1,8,178.8,11.3,Streamer/Creator,54.82,1,Moderate,1.0,0.625,0.879,Mobile,0.3443467
17,Male,Mexico,Freelancer,Lower-Middle,1,Strategy,Console,Gold,10.2,11,3.1,16.0,12.8,0.62,2,0,7,7.32,6,Ultimate,7.0,5.8,8.6,6.1,5.3,6.5,5.0,5.9,5.0,0,1,2.5,In a relationship,4.0,4,31.5,11,79.1,12.5,Binge Player,56.29,1,Moderate,1.0,0.575,0.853,PC,0.69240814
27,Male,UK,Freelancer,Lower-Middle,15,RPG,High-end PC,Gold,4.8,5,1.8,8.4,7.7,0.37,0,5,10,18.81,5,Basic,2.6,4.6,3.6,8.2,5.1,3.0,1.0,7.5,8.2,1,3,2.2,Single,,0,0.0,8,22.2,8.8,Social Gamer,30.64,0,Mild,1.0,0.2,0.79,PC,0.7784296
27,Non-binary,Russia,Employed,Middle,15,Casual,Mixed,Platinum,9.1,10,3.8,11.9,11.8,0.1,11,2,0,64.5,12,,10.0,4.0,4.7,6.7,5.2,7.0,4.3,3.5,6.6,0,0,4.1,In a relationship,4.0,7,25.1,12,159.0,14.1,Competitive Grinder,49.11,0,Moderate,1.0,0.565,0.87,Console,0.41885787
17,Male,Indonesia,Employed,Low,5,FPS,Console,Platinum,6.6,6,2.3,11.5,11.4,0.54,1,2,0,28.67,13,Premium,5.2,3.2,3.6,6.3,7.6,4.0,1.7,6.2,5.6,3,0,2.5,Single,,5,25.2,11,61.9,9.3,Escape Seeker,45.13,0,Moderate,1.0,0.285,0.516,PC,0.6980041
28,Female,Other,Employed,Lower-Middle,16,Battle Royale,Mobile,Gold,8.3,11,2.0,11.0,16.2,0.98,4,0,0,13.0,0,Premium,6.4,3.0,6.2,7.1,4.1,7.1,3.4,4.0,7.1,0,3,0.0,Single,4.0,4,14.7,6,5.0,10.2,Binge Player,42.39,0,Moderate,1.0,0.525,0.763,Console,0.8440286
30,Female,Other,Employed,Lower-Middle,18,Casual,Laptop,Platinum,8.7,11,2.7,18.0,13.2,0.16,1,1,0,20.94,8,Premium,6.2,4.7,3.8,6.6,5.4,5.8,6.8,7.6,7.7,0,5,4.2,Married,4.0,0,41.7,6,67.1,11.6,Escape Seeker,44.79,0,Moderate,1.0,0.63,0.891,PC,0.6973858
18,Male,Russia,Student,Low,6,Strategy,Mixed,Gold,10.1,11,2.7,17.4,17.0,0.12,3,0,4,35.94,5,,5.8,6.0,6.5,6.8,4.5,3.5,3.9,6.7,8.0,1,2,0.0,Single,2.86,3,23.3,13,151.0,12.3,Binge Player,47.13,0,Moderate,1.0,0.37,0.73,Mobile,0.31164187
24,Male,South Korea,Unemployed,Upper-Middle,10,MMORPG,Mid-range PC,Bronze,9.8,11,3.0,12.6,12.3,0.28,1,1,8,113.98,23,Ultimate,6.5,5.4,5.5,5.1,6.4,5.5,4.6,5.6,8.5,0,3,1.0,In a relationship,4.0,3,13.1,10,95.1,11.1,Streamer/Creator,51.44,1,Moderate,1.0,0.505,0.91,PC+Console,0.57364213
18,Non-binary,UK,Student,Lower-Middle,6,Battle Royale,Laptop,Bronze,1.4,1,0.2,1.8,1.0,0.73,0,0,11,54.85,10,Premium,5.0,2.0,1.1,4.5,5.8,5.0,4.9,6.4,9.5,0,4,2.6,In a relationship,3.52,0,0.0,2,122.7,4.9,Casual Enjoyer,19.25,0,,1.0,0.495,0.94,Mobile,0.2991899
26,Non-binary,Canada,Employed,Middle,14,RPG,Laptop,Silver,0.5,1,0.8,0.6,1.0,0.13,1,4,3,51.98,16,Basic,6.2,3.9,1.4,8.0,3.1,4.0,3.7,7.9,8.2,2,1,1.6,In a relationship,4.0,1,14.9,2,63.2,4.3,Casual Enjoyer,14.53,0,,1.0,0.385,0.753,Console,0.5105348
30,Male,France,Streamer/Content Creator,Middle,16,Sports,Mixed,Unranked,3.5,4,2.1,5.7,7.0,0.48,2,0,3,53.62,13,Basic,5.2,2.3,2.5,4.3,7.9,4.8,2.8,7.5,6.6,0,3,0.0,In a relationship,4.0,8,0.0,9,69.1,6.6,Casual Enjoyer,38.82,0,Mild,1.0,0.38,0.953,PC+Console,0.5958141
24,Male,India,Student,Middle,12,Battle Royale,High-end PC,Platinum,5.5,5,0.6,7.0,10.0,0.71,0,1,12,23.73,0,Premium,6.8,4.1,2.7,7.9,3.7,3.9,4.2,5.6,7.0,1,2,2.9,Single,2.9,4,20.7,8,136.6,7.8,Social Gamer,28.96,0,Mild,1.0,0.405,0.767,PC,0.44352934
17,Male,USA,Unemployed,Low,5,Casual,Laptop,Silver,8.6,12,4.7,12.2,13.5,0.31,4,4,0,12.1,0,Ultimate,8.3,5.3,4.7,6.8,4.8,6.2,4.4,5.9,3.4,0,4,1.8,Single,4.0,7,16.8,10,139.2,12.1,Competitive Grinder,53.41,1,Moderate,1.0,0.53,0.872,PC,0.42268324
28,Male,USA,Employed,Middle,16,Sandbox,Console,Platinum,6.9,9,2.1,6.7,9.0,0.5,12,6,0,23.69,9,,8.2,6.4,4.8,8.2,4.0,7.0,5.9,6.8,8.6,0,4,0.4,Single,4.0,3,18.8,4,108.6,9.6,Toxic Competitor,37.35,0,Mild,1.0,0.645,0.803,Mobile,0.43220425
22,Female,India,Employed,Lower-Middle,10,Horror,Mid-range PC,Platinum,5.9,6,1.9,9.0,12.0,0.42,1,0,2,40.02,3,Premium,7.1,7.1,4.7,7.5,2.8,6.4,4.9,3.6,5.7,1,2,0.6,Single,4.0,1,12.1,4,5.0,8.4,Social Gamer,40.24,0,Moderate,1.0,0.565,0.844,PC,0.745875
30,Female,Other,Freelancer,Middle,15,MMORPG,High-end PC,Gold,3.5,6,1.1,4.9,3.1,0.22,1,1,0,16.82,3,Premium,8.8,1.7,3.8,8.1,5.8,3.8,5.2,4.6,7.8,2,3,3.1,Divorced,4.0,3,0.0,3,29.3,5.3,Escape Seeker,29.87,0,Mild,1.0,0.45,0.658,PC,0.59972525
22,Male,Japan,Streamer/Content Creator,Lower-Middle,10,FPS,Mid-range PC,Silver,6.2,8,1.5,6.6,11.7,0.57,30,5,19,69.75,9,Premium,8.3,5.0,4.4,3.3,7.9,6.5,5.3,4.2,5.4,3,2,1.6,Prefer not to say,4.0,3,29.5,4,75.1,7.4,Toxic Competitor,48.1,0,Moderate,1.0,0.59,0.971,Mobile,0.78185546
13,Male,USA,Employed,Middle,1,Casual,Mid-range PC,Bronze,3.7,2,1.6,6.0,4.4,0.79,7,0,7,66.94,6,Basic,6.0,3.3,3.1,5.4,6.3,5.8,4.3,7.2,7.1,3,0,4.1,Single,4.0,4,4.2,4,92.0,6.0,Competitive Grinder,30.47,0,Mild,1.0,0.505,0.624,PC,0.5242468
22,Female,India,Employed,Lower-Middle,5,Sandbox,Mixed,Unranked,10.0,14,4.0,15.5,12.2,0.37,6,5,0,24.19,2,Premium,5.7,8.0,6.8,6.5,4.0,6.2,6.3,10.0,7.1,0,5,3.9,Divorced,4.0,6,16.7,9,166.4,10.8,Binge Player,50.67,1,Moderate,1.0,0.625,0.97,PC,0.43143287
20,Non-binary,China,Streamer/Content Creator,Upper-Middle,8,MMORPG,Mid-range PC,Master,5.3,4,0.9,9.0,9.0,0.18,23,8,6,77.69,18,Basic,5.9,7.5,3.6,5.2,4.8,6.2,4.2,7.8,6.1,1,4,0.0,In a relationship,,3,4.4,3,69.4,5.9,Toxic Competitor,33.68,0,Mild,1.0,0.52,0.652,PC+Console,0.5337956
23,Male,Indonesia,Streamer/Content Creator,Low,11,Sports,Mid-range PC,Bronze,1.7,2,0.0,2.0,1.5,0.47,1,3,0,0.0,0,Basic,6.2,5.4,1.0,5.9,4.6,4.6,,7.4,8.4,2,2,2.7,Married,4.0,0,5.3,0,74.9,2.1,Social Gamer,20.35,0,Mild,1.0,0.435,0.824,PC,0.75390315
30,Male,USA,Employed,Lower-Middle,18,Strategy,Laptop,Silver,7.7,7,2.1,9.9,13.0,0.86,2,2,3,28.9,4,Basic,9.1,1.0,5.0,4.0,8.1,5.2,,4.6,5.9,1,3,1.7,Single,4.0,5,25.0,7,46.6,9.7,Binge Player,52.72,1,Moderate,1.0,0.34,0.779,PC,0.65881675
23,Non-binary,India,Student,Middle,11,FPS,Laptop,Silver,3.1,3,0.3,6.8,5.0,0.1,0,0,0,42.69,6,Ultimate,4.2,5.7,2.8,6.7,4.3,4.7,2.5,8.2,7.6,3,4,3.7,Prefer not to say,3.42,1,14.7,3,70.0,4.5,Casual Enjoyer,19.64,0,,1.0,0.36,0.741,PC,0.32620072
22,Male,India,Employed,High,8,FPS,Mixed,Platinum,6.8,14,0.8,6.3,5.0,0.34,1,0,1,135.43,30,Basic,6.2,5.7,4.7,8.1,3.5,4.2,4.1,9.0,8.2,0,4,4.4,Single,4.0,7,6.1,9,87.7,8.3,Escape Seeker,33.85,0,Mild,1.0,0.415,0.841,PC+Console,0.7989189
13,Male,USA,Student,Middle,1,FPS,Mixed,Unranked,2.4,1,0.9,3.3,4.8,0.47,1,2,6,40.79,12,Premium,7.1,3.7,3.7,8.9,3.3,8.3,2.3,6.6,6.8,1,3,4.0,In a relationship,3.16,0,7.2,5,108.3,3.0,Casual Enjoyer,23.05,0,Mild,1.0,0.53,0.835,Mobile,0.5665393
27,Male,Germany,Student,Upper-Middle,15,Strategy,Mixed,Silver,7.5,9,2.1,11.6,11.0,0.01,0,2,3,70.06,17,Premium,8.0,7.6,4.2,7.0,5.4,6.7,5.4,5.5,5.9,0,1,4.1,In a relationship,2.92,6,25.7,5,64.5,11.9,Competitive Grinder,41.05,0,Moderate,1.0,0.605,0.679,PC,0.67718935
18,Female,USA,Streamer/Content Creator,Middle,6,Sandbox,Laptop,Platinum,7.3,6,1.9,8.0,14.9,0.48,17,10,5,22.93,5,Premium,8.6,4.5,4.6,8.2,3.9,5.5,7.4,6.9,7.7,3,3,0.4,Single,4.0,5,16.8,9,70.3,8.4,Toxic Competitor,38.94,0,Mild,1.0,0.645,0.949,Mobile,0.7757757
18,Female,Indonesia,Freelancer,Low,4,MMORPG,High-end PC,Gold,1.3,1,0.0,2.1,2.1,0.0,1,1,2,13.93,0,Basic,4.7,6.9,1.2,5.5,6.6,8.1,4.2,5.3,9.0,2,0,3.1,Single,,0,23.4,2,214.1,3.6,Casual Enjoyer,18.13,0,,1.0,0.615,1.0,PC+Console,0.47161698
25,Female,Australia,Employed,Lower-Middle,13,Horror,Mid-range PC,Grandmaster,9.0,10,2.2,8.6,15.2,0.15,5,3,5,72.03,9,,8.3,3.5,4.9,3.2,7.0,7.2,2.5,5.7,7.9,2,3,3.6,In a relationship,4.0,3,21.2,5,5.0,11.9,Binge Player,53.25,1,Moderate,1.0,0.485,0.741,PC,0.5058272
19,Female,India,Employed,Lower-Middle,7,Strategy,Mixed,Bronze,2.0,7,0.0,2.2,2.4,0.36,0,1,8,61.23,17,Basic,6.4,3.6,1.9,7.1,4.1,8.3,5.4,8.8,8.7,1,3,4.6,Single,4.0,3,5.4,0,66.4,6.7,Casual Enjoyer,20.2,0,Mild,1.0,0.685,0.869,Mobile,0.41547322
27,Non-binary,USA,Student,Low,15,Sandbox,Mid-range PC,Bronze,3.9,7,1.8,5.6,8.9,0.55,17,8,0,29.3,2,Premium,2.8,6.8,3.9,4.1,7.6,4.7,7.0,7.8,4.4,4,4,0.9,Single,3.13,1,0.0,1,126.8,5.8,Toxic Competitor,44.74,0,Moderate,1.0,0.585,0.895,PC,0.42896622
30,Male,Japan,Streamer/Content Creator,Lower-Middle,16,Strategy,Mixed,Silver,7.8,9,3.0,12.8,13.0,0.22,6,3,1,14.92,2,,4.7,6.3,6.4,5.2,5.2,3.2,5.9,7.0,6.1,1,5,4.0,Single,4.0,4,13.0,7,47.6,9.5,Binge Player,52.19,1,Moderate,1.0,0.455,0.671,PC,0.6232937
24,Male,Brazil,Employed,Lower-Middle,12,Horror,Laptop,Diamond,7.2,12,3.5,10.7,9.7,0.37,1,0,6,25.41,3,,7.4,3.0,5.9,7.9,3.5,7.1,3.5,4.2,4.2,3,0,3.3,Married,4.0,7,42.3,10,26.3,9.3,Social Gamer,46.6,0,Moderate,1.0,0.53,0.632,PC,0.6550888
31,Male,Japan,Student,Low,19,RPG,Console,Platinum,6.9,5,2.4,10.9,12.5,0.57,2,3,2,0.0,0,,5.1,4.4,3.4,1.0,9.0,3.3,5.9,7.6,7.3,1,3,0.0,In a relationship,2.78,2,10.5,13,175.5,9.1,Streamer/Creator,52.57,1,Moderate,1.0,0.46,0.965,PC,0.62767595
24,Male,France,Unemployed,Lower-Middle,12,Casual,Mobile,Silver,3.4,3,0.0,6.9,7.1,0.22,1,0,0,43.02,13,,7.8,3.2,3.0,9.0,5.9,5.8,4.3,5.2,7.1,1,5,3.7,Single,4.0,0,8.3,6,115.7,6.6,Casual Enjoyer,25.48,0,Mild,1.0,0.505,0.698,Mobile,0.45632222
15,Male,Brazil,Employed,Middle,2,MMORPG,High-end PC,Bronze,1.5,1,0.0,2.0,4.7,0.19,0,1,2,23.78,1,,3.9,3.2,1.8,5.6,6.4,4.6,5.8,6.3,6.9,4,0,3.5,Single,4.0,0,13.3,7,79.1,3.3,Casual Enjoyer,24.24,0,Mild,1.0,0.52,0.775,PC,0.65233976
27,Male,USA,Freelancer,Middle,15,FPS,Mobile,Gold,11.8,13,3.7,16.2,19.4,0.67,0,3,5,0.0,0,Basic,9.9,4.8,7.1,3.9,4.4,7.8,2.4,6.7,5.0,2,5,2.0,Prefer not to say,4.0,7,18.0,11,154.7,13.9,Streamer/Creator,68.0,1,Severe,1.0,0.51,0.788,PC+Console,0.3986533
30,Prefer not to say,Japan,Unemployed,Upper-Middle,18,Casual,Mobile,Gold,6.8,11,3.0,8.2,5.3,0.72,4,3,8,73.34,9,Ultimate,7.4,3.0,6.0,7.2,3.5,4.7,,8.6,8.3,0,1,2.0,Married,4.0,4,17.3,5,178.7,9.6,Competitive Grinder,41.68,0,Moderate,1.0,0.345,0.8,PC+Mobile,0.3705908
19,Female,China,Unemployed,Lower-Middle,7,MMORPG,Mid-range PC,Silver,9.7,14,3.9,14.6,13.7,0.43,1,0,6,26.44,4,,5.8,4.0,5.9,7.6,5.9,4.3,2.8,8.4,6.6,0,4,0.3,In a relationship,4.0,1,38.6,6,112.7,10.9,Streamer/Creator,52.62,1,Moderate,1.0,0.355,0.679,PC,0.4871491
16,Male,South Korea,Streamer/Content Creator,Middle,4,Battle Royale,Console,Silver,6.1,9,2.8,10.2,8.2,0.53,12,5,1,70.16,17,,9.5,6.2,3.9,2.9,8.6,8.6,6.7,3.9,6.4,4,3,0.6,Single,4.0,4,20.6,5,30.0,8.3,Toxic Competitor,54.35,1,Moderate,1.0,0.765,0.838,PC,0.56961143
28,Female,USA,Student,Middle,16,MMORPG,Mid-range PC,Silver,7.3,9,1.8,10.1,13.2,0.32,2,3,0,34.51,2,Premium,7.8,6.1,5.7,6.0,5.9,6.5,4.3,3.8,6.8,2,4,1.6,In a relationship,3.03,2,24.2,2,170.8,7.5,Competitive Grinder,45.35,0,Moderate,1.0,0.54,0.881,PC,0.37885392
20,Female,UK,Student,Upper-Middle,8,Sports,Laptop,Gold,8.8,10,3.6,14.9,15.0,0.29,1,0,2,89.39,14,Basic,8.2,4.6,6.3,4.0,5.5,6.8,,6.8,4.9,3,2,3.1,In a relationship,3.24,3,15.5,6,24.3,9.6,Streamer/Creator,55.09,1,Moderate,1.0,0.565,0.793,PC,0.45951182
23,Male,China,Employed,Lower-Middle,11,MOBA,Mid-range PC,Platinum,11.0,11,3.6,16.0,16.8,0.54,1,0,0,0.0,3,Premium,5.1,9.1,6.6,8.2,2.0,5.8,7.7,7.2,6.5,2,5,1.5,In a relationship,4.0,2,16.7,10,204.7,13.7,Streamer/Creator,47.86,0,Moderate,1.0,0.675,0.939,PC,0.7018842
20,Male,Germany,Freelancer,Middle,3,Casual,Console,Gold,10.4,10,3.9,11.4,13.8,0.11,1,1,7,69.12,19,,8.7,4.3,7.3,3.9,6.9,4.6,7.1,6.3,6.4,0,3,0.1,Single,4.0,3,17.5,11,50.1,15.1,Binge Player,59.1,1,Moderate,1.0,0.585,0.813,PC,0.685188
23,Male,Australia,Employed,Upper-Middle,11,FPS,High-end PC,Gold,9.1,9,2.8,8.3,20.1,0.72,24,6,8,115.96,26,,9.5,5.1,5.5,3.7,7.2,6.3,8.2,5.6,6.3,3,4,2.7,Married,4.0,3,7.9,6,93.6,11.3,Toxic Competitor,50.69,1,Moderate,1.0,0.725,0.935,PC+Console,0.5260648
35,Male,USA,Employed,Low,19,MOBA,High-end PC,Unranked,4.9,7,2.1,5.2,11.3,0.7,7,1,5,18.69,2,Premium,10.0,1.0,4.4,6.2,7.0,5.1,1.7,8.1,7.8,2,4,4.0,Married,4.0,1,15.2,2,156.4,7.4,Competitive Grinder,36.61,0,Mild,1.0,0.34,0.681,PC,0.5008917
18,Non-binary,Germany,Student,Upper-Middle,6,Sandbox,Mixed,Bronze,8.4,11,3.1,10.5,16.5,0.36,1,0,10,64.84,12,Premium,8.6,6.1,4.8,5.7,4.5,8.0,4.5,6.7,6.3,1,4,3.0,In a relationship,2.9,3,22.9,2,19.9,12.3,Binge Player,44.59,0,Moderate,1.0,0.625,0.726,PC,0.7532754
25,Male,Russia,Unemployed,Low,12,MMORPG,Mixed,Gold,7.9,15,1.9,10.5,12.0,0.06,0,5,0,9.72,5,Premium,6.5,10.0,5.6,4.2,6.5,6.5,6.8,6.6,7.6,1,5,1.0,Single,4.0,1,3.6,8,46.8,10.0,Streamer/Creator,48.25,0,Moderate,1.0,0.665,0.888,Console,0.39906636
15,Male,Japan,Employed,High,3,Casual,Console,Platinum,5.0,5,1.4,6.4,7.5,0.36,1,0,16,167.37,41,,6.2,3.8,3.7,7.6,6.7,5.7,2.7,6.5,5.8,1,3,0.6,Single,4.0,1,21.1,7,44.2,5.7,Social Gamer,30.1,0,Mild,1.0,0.42,0.838,PC+Console,0.7298804
14,Male,Other,Employed,Lower-Middle,2,FPS,Mid-range PC,Bronze,10.0,12,3.8,10.6,16.5,0.37,1,0,0,20.94,3,Ultimate,8.5,5.6,7.3,5.9,5.3,4.8,5.3,4.3,5.4,0,0,1.4,In a relationship,4.0,2,23.3,7,213.3,11.8,Binge Player,59.61,1,Moderate,1.0,0.505,0.973,PC,0.6592022
21,Male,Russia,Freelancer,Lower-Middle,9,Sports,High-end PC,Platinum,3.3,1,0.4,4.9,1.9,0.24,1,2,5,27.98,8,,5.7,6.3,1.0,10.0,2.8,3.4,3.9,7.6,5.6,2,2,2.6,In a relationship,4.0,5,1.2,5,111.3,3.9,Social Gamer,19.33,0,,1.0,0.365,0.743,Console,0.33172858
26,Male,South Korea,Unemployed,Low,14,Sports,Mobile,Silver,3.0,3,1.0,3.4,2.9,0.46,0,1,8,7.78,5,Ultimate,6.5,4.8,3.8,6.0,3.9,3.9,5.9,5.6,8.1,0,2,2.7,Single,4.0,0,18.3,7,52.5,5.6,Casual Enjoyer,25.38,0,Mild,1.0,0.49,0.875,PC,0.46712175
25,Prefer not to say,USA,Employed,Middle,10,Horror,Console,Bronze,5.1,7,1.2,7.2,10.5,0.81,0,3,8,57.66,16,Basic,7.5,6.7,5.9,7.1,5.2,5.5,5.4,3.5,7.4,1,3,3.2,Single,4.0,4,20.6,9,53.1,7.5,Social Gamer,34.97,0,Mild,1.0,0.545,0.743,PC,0.70527655
20,Prefer not to say,Australia,Employed,Lower-Middle,8,MMORPG,Mobile,Master,4.2,7,0.1,5.7,6.3,0.23,1,0,0,9.59,5,Premium,8.3,6.2,3.9,6.2,5.5,4.3,8.1,5.3,7.2,3,4,1.6,Single,4.0,6,0.0,8,22.0,6.6,Social Gamer,30.28,0,Mild,1.0,0.62,0.824,PC,0.7771091
21,Male,UK,Employed,Middle,9,Battle Royale,Mid-range PC,Diamond,3.6,2,0.5,4.0,4.1,0.55,1,5,2,20.82,0,Basic,7.8,9.4,2.5,5.2,5.2,6.9,7.5,8.2,6.4,3,1,1.0,Single,4.0,3,28.0,1,141.7,4.9,Social Gamer,34.17,0,Mild,1.0,0.72,0.984,PC,0.47286233
28,Male,UK,Student,Middle,16,MOBA,Mid-range PC,Platinum,8.6,13,4.1,10.9,12.5,0.84,6,2,1,77.58,22,Basic,6.6,2.3,5.4,5.4,7.6,5.7,4.7,7.4,5.0,2,0,2.0,In a relationship,3.05,4,20.5,14,117.9,11.4,Binge Player,58.04,1,Moderate,1.0,0.52,0.814,Mobile,0.4115538
22,Male,USA,Freelancer,Middle,9,Battle Royale,Console,Bronze,6.5,8,2.0,5.8,10.1,0.62,18,4,6,2.26,2,,6.1,6.9,5.4,6.9,4.7,6.1,6.4,6.0,5.9,1,3,3.5,In a relationship,4.0,5,9.5,6,111.2,7.5,Toxic Competitor,40.86,0,Moderate,1.0,0.625,0.94,Mobile,0.42821908
27,Male,India,Employed,Middle,15,Sports,Mixed,Platinum,3.3,4,1.8,3.8,5.3,0.51,0,0,0,23.69,5,,5.5,6.0,2.3,9.2,3.7,5.0,4.7,6.3,5.4,2,0,1.0,Single,4.0,1,0.0,10,5.0,5.7,Casual Enjoyer,25.97,0,Mild,1.0,0.485,0.702,PC,0.806904
21,Male,Other,Student,Middle,9,Battle Royale,Mobile,Silver,8.4,13,2.8,11.9,18.3,1.0,0,0,4,63.31,9,,6.4,1.0,6.6,7.3,3.2,2.8,1.4,7.1,7.2,1,0,3.6,In a relationship,2.81,2,22.4,8,161.1,10.5,Escape Seeker,44.78,0,Moderate,1.0,0.21,0.62,Mobile,0.35432833
28,Male,USA,Employed,Upper-Middle,16,Sports,Mid-range PC,Gold,3.8,8,0.2,6.1,3.8,0.65,1,0,11,109.14,24,,5.4,4.3,1.7,5.6,5.8,3.1,5.1,8.5,6.8,4,2,0.0,Single,4.0,3,9.6,6,235.1,5.4,Social Gamer,27.02,0,Mild,1.0,0.41,0.764,PC+Console,0.48168397
29,Male,Germany,Employed,Upper-Middle,17,MOBA,Laptop,Master,4.7,7,1.3,8.2,3.5,0.52,25,3,0,67.76,16,Basic,7.0,2.0,2.6,4.8,6.6,4.6,3.4,5.4,8.1,0,0,3.0,Prefer not to say,4.0,4,8.1,7,189.8,7.8,Toxic Competitor,35.06,0,Mild,1.0,0.4,0.758,Console,0.54620945
18,Non-binary,UK,Student,Lower-Middle,6,Casual,Mixed,Gold,9.0,13,4.6,11.7,17.4,0.05,2,0,0,11.57,2,,10.0,6.7,7.0,10.0,1.0,8.6,5.8,2.5,6.2,3,4,2.3,In a relationship,2.8,6,21.8,7,92.8,12.0,Streamer/Creator,40.27,0,Moderate,1.0,0.72,1.0,PC,0.39084846
28,Non-binary,Brazil,Freelancer,Middle,16,MMORPG,Mobile,Diamond,6.9,7,1.8,10.2,11.8,0.63,8,5,8,53.12,7,Basic,6.4,2.3,4.4,5.6,6.6,6.6,4.4,7.6,8.1,4,2,2.8,Single,4.0,6,25.1,6,214.3,7.6,Competitive Grinder,36.58,0,Mild,1.0,0.55,0.977,PC,0.33411315
20,Male,India,Student,Lower-Middle,8,MOBA,Console,Diamond,4.1,3,0.4,5.8,4.9,0.83,0,1,8,50.44,5,,5.8,2.6,4.0,1.4,8.7,4.9,5.3,4.3,7.7,2,1,2.6,In a relationship,,3,11.2,3,67.7,6.9,Social Gamer,44.77,0,Moderate,1.0,0.51,0.874,PC,0.5517149
19,Female,USA,Student,Lower-Middle,4,MMORPG,Console,Gold,5.5,8,1.9,5.9,6.8,0.22,0,0,1,56.52,6,Basic,10.0,6.7,4.3,9.9,5.1,8.7,6.0,3.9,7.2,0,1,2.1,Single,3.08,1,4.9,0,77.7,7.0,Social Gamer,30.54,0,Mild,1.0,0.735,0.743,PC,0.5813578
22,Male,Brazil,Employed,Middle,10,MOBA,Console,Gold,5.5,7,2.0,8.4,8.9,0.9,1,0,0,48.28,6,Ultimate,5.3,1.0,3.6,5.0,3.7,4.1,2.5,7.4,6.3,2,0,3.8,Single,4.0,2,16.1,0,107.2,6.9,Social Gamer,36.93,0,Mild,1.0,0.33,0.624,PC+Mobile,0.28520772
25,Female,Mexico,Employed,Low,11,MOBA,Console,Master,7.7,10,2.9,12.0,11.2,0.88,0,0,2,27.65,3,Premium,5.9,6.9,4.8,4.6,5.9,5.9,4.4,8.3,7.1,1,2,0.4,Single,4.0,5,22.8,6,70.2,10.5,Escape Seeker,43.32,0,Moderate,1.0,0.515,0.804,PC,0.7617169
24,Male,Brazil,Unemployed,Upper-Middle,12,MMORPG,Console,Gold,8.2,9,3.4,7.8,12.5,0.42,0,1,1,62.78,11,,6.7,8.7,5.0,8.2,2.2,6.5,6.6,5.7,7.2,0,2,3.7,Single,4.0,4,22.7,6,16.0,9.5,Streamer/Creator,42.03,0,Moderate,1.0,0.655,0.835,PC,0.8401531
26,Male,Brazil,Student,Lower-Middle,11,Battle Royale,Mixed,Bronze,9.3,10,2.0,12.7,13.4,0.84,0,2,0,0.0,0,Ultimate,10.0,3.5,3.3,4.5,4.9,5.7,3.5,5.6,5.3,3,3,3.1,Single,3.42,4,17.3,7,99.8,10.8,Streamer/Creator,48.79,0,Moderate,1.0,0.46,0.794,PC,0.6702314
19,Male,Canada,Employed,Low,6,MOBA,Console,Master,8.1,10,2.5,6.9,10.5,0.45,3,4,5,12.32,0,Basic,7.4,3.7,5.1,3.1,6.8,5.5,4.5,8.7,4.4,0,1,1.7,Prefer not to say,4.0,2,26.3,5,182.4,11.5,Competitive Grinder,55.2,1,Moderate,1.0,0.5,0.881,PC,0.73997605
37,Male,Germany,Employed,Upper-Middle,25,Battle Royale,High-end PC,Gold,1.7,2,1.1,2.6,5.0,0.34,3,0,3,71.71,17,Premium,4.0,3.2,1.4,5.1,4.2,2.2,1.5,7.0,7.2,0,3,1.6,Single,4.0,2,0.0,9,102.4,3.8,Casual Enjoyer,20.48,0,Mild,1.0,0.185,0.632,PC+Console,0.37592673
18,Male,India,Employed,Middle,6,MMORPG,Mixed,Diamond,7.8,8,2.7,14.0,11.6,0.42,0,2,0,7.92,7,,5.3,8.1,6.5,10.0,3.6,6.8,5.0,6.5,8.4,1,4,1.4,Prefer not to say,4.0,4,0.0,4,100.0,9.1,Escape Seeker,36.42,0,Mild,1.0,0.59,0.808,PC,0.62085134
23,Female,Japan,Streamer/Content Creator,Upper-Middle,11,MMORPG,Console,Platinum,6.7,7,0.5,5.6,10.2,0.19,1,0,6,65.27,17,Ultimate,5.9,4.1,4.9,4.8,6.5,6.2,1.7,4.7,6.8,1,1,1.7,Single,4.0,1,17.6,4,180.9,7.2,Streamer/Creator,42.37,0,Moderate,1.0,0.395,0.59,PC+Console,0.42064333
18,Male,India,Student,Low,6,Sandbox,Mid-range PC,Bronze,2.3,1,0.4,4.2,2.1,0.33,0,0,0,0.0,0,,6.1,9.2,1.8,5.8,5.4,7.8,6.5,3.9,7.7,0,2,4.4,In a relationship,2.73,0,0.0,0,91.5,5.6,Social Gamer,22.45,0,Mild,1.0,0.715,0.803,PC,0.8754911
20,Male,USA,Student,Middle,8,MMORPG,Console,Bronze,3.3,5,2.4,3.6,7.3,0.11,0,0,3,14.69,6,,4.2,5.0,2.7,4.2,4.0,4.5,3.7,6.9,6.3,2,4,1.2,Single,2.8,1,0.0,8,120.6,4.9,Escape Seeker,34.76,0,Mild,1.0,0.41,0.939,PC,0.4736038
19,Male,South Korea,Employed,Middle,7,Sandbox,High-end PC,Silver,4.6,4,0.8,6.6,6.5,0.41,0,0,0,58.08,18,Basic,5.1,3.1,2.5,3.1,7.1,5.1,3.0,6.5,8.0,1,1,1.2,In a relationship,,2,23.8,2,175.9,5.2,Social Gamer,36.6,0,Mild,1.0,0.405,0.87,PC+Console,0.5471599
27,Male,USA,Unemployed,Middle,14,MMORPG,Laptop,Gold,3.3,2,1.7,6.2,5.4,0.26,0,0,0,60.58,7,,7.4,8.3,3.3,2.7,6.3,6.3,5.8,10.0,6.2,0,0,1.6,Prefer not to say,4.0,0,11.7,4,131.7,4.8,Social Gamer,41.65,0,Moderate,1.0,0.605,0.733,PC+Console,0.3538389
